name,datetime,tempmax,tempmin,temp,feelslikemax,feelslikemin,feelslike,dew,humidity,precip,precipprob,precipcover,preciptype,snow,snowdepth,windgust,windspeed,winddir,sealevelpressure,cloudcover,visibility,solarradiation,solarenergy,uvindex,severerisk,sunrise,sunset,moonphase,conditions,description,icon,stations
dehradun,2015-01-01,23.6,8.1,15.1,23.6,8.1,15.1,3.1,48.1,0,0,0,,0,0,25.6,8.6,77.6,1017.9,29.5,3.5,147.5,12.6,6,,2015-01-01T07:14:23,2015-01-01T17:27:59,0.36,Partially cloudy,Partly cloudy throughout the day.,partly-cloudy-day,"42111099999,remote"
dehradun,2015-01-02,19.7,10.1,14.4,19.7,10.1,14.4,7.3,65.3,6,100,8.33,rain,0,0,23.4,15.5,89.2,1018.7,69,1.9,104.2,8.9,4,,2015-01-02T07:14:37,2015-01-02T17:28:42,0.4,"Rain, Partially cloudy",Partly cloudy throughout the day with rain in the morning and afternoon.,rain,"42111099999,remote"
dehradun,2015-01-03,17.6,10.9,13.4,17.6,10.9,13.4,10.5,83.2,3.5,100,8.33,rain,0,0,26.6,8.3,4.8,1017.5,62.8,2.4,92.5,7.9,4,,2015-01-03T07:14:50,2015-01-03T17:29:26,0.43,"Rain, Partially cloudy",Partly cloudy throughout the day with morning rain.,rain,"42111099999,remote"
dehradun,2015-01-04,19.3,8.4,13,19.3,7.3,12.8,8,74.5,7.5,100,8.33,rain,0,0,23.4,17.6,290,1018.5,20.9,3.1,146.1,12.7,6,,2015-01-04T07:15:01,2015-01-04T17:30:10,0.47,"Rain, Partially cloudy",Partly cloudy throughout the day with early morning rain.,rain,"42111099999,remote"
dehradun,2015-01-05,22.2,4.5,11.8,22.2,2.6,11.4,3,60.4,0,0,0,,0,0,31,31.3,285.8,1014.3,19.4,2.8,161.7,13.8,6,,2015-01-05T07:15:11,2015-01-05T17:30:55,0.5,Clear,Clear conditions throughout the day.,clear-day,"42111099999,remote"
dehradun,2015-01-06,21.2,7.1,11.6,21.2,7.1,11.5,3.1,61,0,0,0,,0,0,22,18,239.6,1014.5,22.7,1.6,160.8,13.9,6,,2015-01-06T07:15:18,2015-01-06T17:31:41,0.53,Partially cloudy,Clearing in the afternoon.,partly-cloudy-day,"42111099999,remote"
dehradun,2015-01-07,19.6,6.2,12,19.6,5.6,11.8,3.1,58.6,0,0,0,,0,0,22.7,19.1,249,1015.4,3.6,2,156.2,13.4,6,,2015-01-07T07:15:25,2015-01-07T17:32:28,0.57,Clear,Clear conditions throughout the day.,clear-day,"42111099999,remote"
dehradun,2015-01-08,20.5,6.4,12.4,20.5,6.4,12.4,2.6,55.9,0,0,0,,0,0,20.5,17.3,283.3,1017.4,4.2,3.3,167.6,14.4,6,,2015-01-08T07:15:29,2015-01-08T17:33:16,0.6,Clear,Clear conditions throughout the day.,clear-day,"42111099999,remote"
dehradun,2015-01-09,21.1,6.4,12.2,21.1,6.4,12.1,1,51.2,0,0,0,,0,0,20.5,14.8,281.3,1018.9,4.2,3.3,169.6,14.6,7,,2015-01-09T07:15:32,2015-01-09T17:34:04,0.63,Clear,Clear conditions throughout the day.,clear-day,"42111099999,remote"
dehradun,2015-01-10,21.1,5.4,10.9,21.1,4.4,10.7,0.6,55.7,0,0,0,,0,0,19.8,20.9,241.1,1017.6,18.2,2.4,172.4,14.8,7,,2015-01-10T07:15:33,2015-01-10T17:34:53,0.67,Clear,Clear conditions throughout the day.,clear-day,"42111099999,remote"
dehradun,2015-01-11,21.2,5.9,11.2,21.2,4.5,10.8,0.3,53.5,0,0,0,,0,0,20.2,19.4,192.2,1017.8,48.1,1.5,169,14.4,7,,2015-01-11T07:15:33,2015-01-11T17:35:42,0.7,Partially cloudy,Partly cloudy throughout the day.,partly-cloudy-day,"42111099999,remote"
dehradun,2015-01-12,21.4,5,11.6,21.4,3.3,11.2,0,50.2,0,0,0,,0,0,20.2,19.1,201,1018.7,23.4,2.5,168.8,14.4,7,,2015-01-12T07:15:30,2015-01-12T17:36:32,0.73,Partially cloudy,Partly cloudy throughout the day.,partly-cloudy-day,"42111099999,remote"
dehradun,2015-01-13,21.1,7.2,13.6,21.1,7.2,13.6,0.9,45.8,0,0,0,,0,0,24.1,11.5,173.7,1017.3,25.8,3.5,157.1,13.6,6,,2015-01-13T07:15:27,2015-01-13T17:37:22,0.75,Partially cloudy,Partly cloudy throughout the day.,partly-cloudy-day,"42111099999,remote"
dehradun,2015-01-14,16.7,7.6,11.4,16.7,5.4,10.9,4.5,65.4,4.3,100,12.5,rain,0,0,36,11.9,88.3,1017.5,67,3.3,84.1,7.4,4,,2015-01-14T07:15:21,2015-01-14T17:38:13,0.8,"Rain, Partially cloudy",Partly cloudy throughout the day with rain.,rain,"42111099999,remote"
dehradun,2015-01-15,20.7,6.4,11.9,20.7,5,11.5,4.1,62.2,0,0,0,,0,0,19.1,14.8,309.1,1019.1,1.4,4.9,165.1,14.2,6,,2015-01-15T07:15:14,2015-01-15T17:39:04,0.83,Clear,Clear conditions throughout the day.,clear-day,"42111099999,remote"
dehradun,2015-01-16,20.7,7.1,13.3,20.7,7.1,13.3,5.2,60.1,0,0,0,,0,0,20.5,7.6,308.5,1018.6,12.8,6.3,129.6,11.1,5,,2015-01-16T07:15:05,2015-01-16T17:39:56,0.86,Clear,Clear conditions throughout the day.,clear-day,"42111099999,remote"
dehradun,2015-01-17,21.1,6.9,13,21.1,6.6,13,4.4,59.7,0,0,0,,0,0,18.7,17.3,250.7,1018.6,32,3.3,149.1,12.9,6,,2015-01-17T07:14:54,2015-01-17T17:40:48,0.89,Partially cloudy,Partly cloudy throughout the day.,partly-cloudy-day,"42111099999,remote"
dehradun,2015-01-18,20.6,5.9,12.4,20.6,5.9,12.4,1.9,53.5,0,0,0,,0,0,22,19.8,251.8,1018.2,1.7,2.9,170.5,14.8,6,,2015-01-18T07:14:42,2015-01-18T17:41:40,0.93,Clear,Clear conditions throughout the day.,clear-day,"42111099999,remote"
dehradun,2015-01-19,19.9,5.2,12,19.9,5.2,11.9,2.1,55.6,0,0,0,,0,0,19.8,15.8,226.2,1018.4,2.8,1.4,167.7,14.6,7,,2015-01-19T07:14:28,2015-01-19T17:42:32,0.96,Clear,Clear conditions throughout the day.,clear-day,"42111099999,remote"
dehradun,2015-01-20,20.1,7.1,12.5,20.1,7.1,12.4,2.2,53.2,0,0,0,,0,0,24.8,13.3,207.4,1019.5,24.9,1.4,167,14.4,6,,2015-01-20T07:14:12,2015-01-20T17:43:25,0,Partially cloudy,Partly cloudy throughout the day.,partly-cloudy-day,"42111099999,remote"
dehradun,2015-01-21,19.6,6.5,12.1,19.6,4.3,11.6,3.6,60.2,0.5,100,16.67,rain,0,0,33.5,14.8,102.1,1021.5,44.3,2.3,137.4,11.9,6,,2015-01-21T07:13:55,2015-01-21T17:44:18,0.02,"Rain, Partially cloudy",Partly cloudy throughout the day with rain.,rain,"42111099999,remote"
dehradun,2015-01-22,14.9,8.3,11.4,14.9,5.9,10.8,7.7,79,1,100,8.33,rain,0,0,26.3,24.5,91,1020.3,89.8,3.3,77,6.7,4,,2015-01-22T07:13:36,2015-01-22T17:45:11,0.06,"Rain, Partially cloudy",Partly cloudy throughout the day with rain in the morning and afternoon.,rain,"42111099999,remote"
dehradun,2015-01-23,19.4,8.6,12.5,19.4,8.2,12.4,8,76.6,0.2,100,4.17,rain,0,0,21.2,10.1,295.4,1019.6,29.8,3.5,158.2,13.8,6,,2015-01-23T07:13:16,2015-01-23T17:46:04,0.09,"Rain, Partially cloudy",Partly cloudy throughout the day with morning rain.,rain,"42111099999,remote"
dehradun,2015-01-24,21.4,6.9,13,21.4,6.9,12.7,6.2,66.4,0,0,0,,0,0,23.4,16.2,288.3,1018.9,25.8,3.5,181.7,15.6,7,,2015-01-24T07:12:54,2015-01-24T17:46:57,0.13,Partially cloudy,Partly cloudy throughout the day.,partly-cloudy-day,"42111099999,remote"
dehradun,2015-01-25,19.9,7.7,12.4,19.9,7.7,12.3,4.6,62.7,0,0,0,,0,0,22,15.1,270.2,1019.4,23.7,3.1,184.2,16,7,,2015-01-25T07:12:30,2015-01-25T17:47:50,0.16,Partially cloudy,Partly cloudy throughout the day.,partly-cloudy-day,"42111099999,remote"
dehradun,2015-01-26,19.2,8.4,12.6,19.2,7.8,12.5,5,63.3,4.1,100,12.5,rain,0,0,32.4,10.4,149.5,1019.7,42.6,3.3,176.3,15.1,7,,2015-01-26T07:12:05,2015-01-26T17:48:43,0.2,"Rain, Partially cloudy",Partly cloudy throughout the day with a chance of rain throughout the day.,rain,"42111099999,remote"
dehradun,2015-01-27,18.9,9.5,12.7,18.9,8.3,12.5,7.7,73.3,0.2,100,8.33,rain,0,0,23,10.8,289.4,1018.6,56.5,3,113.9,9.8,5,,2015-01-27T07:11:38,2015-01-27T17:49:36,0.25,"Rain, Partially cloudy",Partly cloudy throughout the day with early morning rain.,rain,"42111099999,remote"
dehradun,2015-01-28,18.3,8,11.8,18.3,6.7,11.5,5.6,68.4,0,0,0,,0,0,22.3,12.6,273,1016.5,35.5,2.3,145.4,12.4,6,,2015-01-28T07:11:09,2015-01-28T17:50:29,0.27,Partially cloudy,Partly cloudy throughout the day.,partly-cloudy-day,"42111099999,remote"
dehradun,2015-01-29,17.6,7,11.2,17.6,5,10.8,2.8,59.9,0,0,0,,0,0,24.5,19.1,284.3,1017.8,37.9,2,155.5,13.4,6,,2015-01-29T07:10:39,2015-01-29T17:51:21,0.3,Partially cloudy,Partly cloudy throughout the day.,partly-cloudy-day,"42111099999,remote"
dehradun,2015-01-30,19.8,5.1,10.6,19.8,2.7,9.9,0.4,54.1,0,0,0,,0,0,27.4,26.3,280.2,1019.3,0.1,4,197,17.1,7,,2015-01-30T07:10:08,2015-01-30T17:52:14,0.34,Clear,Clear conditions throughout the day.,clear-day,"42111099999,remote"
dehradun,2015-01-31,21.5,5.3,11.7,21.5,5.3,11.7,0.7,51.2,0,0,0,,0,0,22.7,25.2,268.5,1016.5,16.2,3.3,176.7,15.3,7,,2015-01-31T07:09:35,2015-01-31T17:53:07,0.37,Clear,Clear conditions throughout the day.,clear-day,"42111099999,remote"
dehradun,2015-02-01,21.9,7.1,13.8,21.9,6.6,13.5,1.9,49.2,0,0,0,,0,0,24.5,12.2,178.9,1018.1,18.2,2,182.2,15.8,7,,2015-02-01T07:09:00,2015-02-01T17:53:59,0.41,Clear,Clear conditions throughout the day.,clear-day,"42111099999,remote"
dehradun,2015-02-02,21.6,9.5,15,21.6,7.7,14.7,5.8,57.1,0.1,100,4.17,rain,0,0,28.1,13.7,100.4,1018.6,70.4,2,133.9,11.5,5,,2015-02-02T07:08:24,2015-02-02T17:54:51,0.44,"Rain, Partially cloudy",Partly cloudy throughout the day with late afternoon rain.,rain,"42111099999,remote"
dehradun,2015-02-03,21.7,11.4,15,21.7,11.4,15,9,69.5,5.6,100,12.5,rain,0,0,46.8,24.5,92.2,1021.1,60.3,2.5,121.6,10.4,4,,2015-02-03T07:07:47,2015-02-03T17:55:43,0.48,"Rain, Partially cloudy",Partly cloudy throughout the day with rain clearing later.,rain,"42111099999,remote"
dehradun,2015-02-04,22.9,8.4,14.7,22.9,8.4,14.7,7.1,63.7,0,0,0,,0,0,25.2,16.9,295.2,1021.5,3.1,3.3,184.2,15.9,7,,2015-02-04T07:07:08,2015-02-04T17:56:35,0.5,Clear,Clear conditions throughout the day.,clear-day,"42111099999,remote"
dehradun,2015-02-05,23,7.2,14.4,23,7.2,14.4,4.6,56.6,0,0,0,,0,0,22,18.7,272.4,1018,24.6,2.6,204.4,17.7,7,,2015-02-05T07:06:28,2015-02-05T17:57:26,0.54,Partially cloudy,Partly cloudy throughout the day.,partly-cloudy-day,"42111099999,remote"
dehradun,2015-02-06,22.3,9.4,14.2,22.3,9.1,14.2,3.3,51.9,0,0,0,,0,0,22,12.6,269.1,1018.6,29.4,2.5,198.4,17.3,7,,2015-02-06T07:05:47,2015-02-06T17:58:18,0.58,Partially cloudy,Partly cloudy throughout the day.,partly-cloudy-day,"42111099999,remote"
dehradun,2015-02-07,22.9,6.9,14.6,22.9,6.9,14.5,1.8,46.2,0,0,0,,0,0,20.9,12.6,308.3,1017.6,41.4,4,182.7,15.9,7,,2015-02-07T07:05:04,2015-02-07T17:59:09,0.61,Partially cloudy,Becoming cloudy in the afternoon.,partly-cloudy-day,"42111099999,remote"
dehradun,2015-02-08,23.3,9.4,15.8,23.3,9.4,15.8,3.4,46.8,0,0,0,,0,0,19.8,15.1,292.6,1017,50.7,4,167.7,14.5,7,,2015-02-08T07:04:20,2015-02-08T17:59:59,0.64,Partially cloudy,Partly cloudy throughout the day.,partly-cloudy-day,"42111099999,remote"
dehradun,2015-02-09,24.1,9.2,15.6,24.1,9.2,15.6,4.7,51.7,0,0,0,,0,0,24.8,17.3,285,1019.1,0.5,4,209,18.2,8,,2015-02-09T07:03:34,2015-02-09T18:00:49,0.68,Clear,Clear conditions throughout the day.,clear-day,"42111099999,remote"
dehradun,2015-02-10,23.8,8.7,15.5,23.8,8.7,15.5,4.1,51.1,0,0,0,,0,0,24.1,23,277.2,1019.1,7.9,3.5,210.4,18.2,8,,2015-02-10T07:02:47,2015-02-10T18:01:39,0.71,Clear,Clear conditions throughout the day.,clear-day,"42111099999,remote"
dehradun,2015-02-11,22.8,8.9,14.9,22.8,8.9,14.9,4.3,53.3,0,0,0,,0,0,23.8,19.1,267.2,1016.7,80.4,2.5,165.4,14.3,7,,2015-02-11T07:01:59,2015-02-11T18:02:29,0.74,Partially cloudy,Partly cloudy throughout the day.,partly-cloudy-day,"42111099999,remote"
dehradun,2015-02-12,23.5,8.9,15.2,23.5,8.9,15.2,3.6,50.5,0,0,0,,0,0,27,20.5,269.7,1015.7,8.7,1.9,203.1,17.5,7,,2015-02-12T07:01:10,2015-02-12T18:03:18,0.75,Clear,Clear conditions throughout the day.,clear-day,"42111099999,remote"
dehradun,2015-02-13,23.8,7.3,15,23.8,6.4,15,3.3,50.2,0,0,0,,0,0,29.9,21.2,245.6,1012.3,22.4,2,207.2,17.7,8,,2015-02-13T07:00:20,2015-02-13T18:04:07,0.81,Partially cloudy,Partly cloudy throughout the day.,partly-cloudy-day,"42111099999,remote"
dehradun,2015-02-14,26.9,10.4,17.1,26.7,10.4,17,5.5,50.8,0,0,0,,0,0,25.2,24.5,258.5,1010.6,5.8,2,202.3,17.6,7,,2015-02-14T06:59:28,2015-02-14T18:04:55,0.84,Clear,Clear conditions throughout the day.,clear-day,"42111099999,remote"
dehradun,2015-02-15,25.9,12.7,18.2,25.9,12.7,18.2,7.5,53.4,0,0,0,,0,0,24.1,19.1,251.4,1012.9,48.2,1.8,196.7,16.9,7,,2015-02-15T06:58:36,2015-02-15T18:05:44,0.88,Partially cloudy,Partly cloudy throughout the day.,partly-cloudy-day,"42111099999,remote"
dehradun,2015-02-16,24.3,12.9,17.9,24.3,12.9,17.9,7.6,55,0,0,0,,0,0,30.2,13.3,126.2,1015.7,73,1.9,127.2,11.1,5,,2015-02-16T06:57:42,2015-02-16T18:06:31,0.91,Partially cloudy,Partly cloudy throughout the day.,partly-cloudy-day,"42111099999,remote"
dehradun,2015-02-17,26.4,13.4,18.8,26.4,13.4,18.8,8.4,53.8,0,0,0,,0,0,21.6,11.9,220,1013.5,32,2.3,176.8,15,7,,2015-02-17T06:56:47,2015-02-17T18:07:19,0.94,Partially cloudy,Clearing in the afternoon.,partly-cloudy-day,"42111099999,remote"
dehradun,2015-02-18,25.6,13.9,18.7,25.6,13.9,18.7,9,55.5,0,0,0,,0,0,22.3,12.2,207.4,1012.9,30.8,2.1,164.8,14.2,6,,2015-02-18T06:55:52,2015-02-18T18:08:06,0.98,Partially cloudy,Becoming cloudy in the afternoon.,partly-cloudy-day,"42111099999,remote"
dehradun,2015-02-19,27.2,12.1,19.7,26.7,12.1,19.7,7.7,48.7,0,0,0,,0,0,21.6,14,107.3,1013.8,60.1,2.5,176.3,15.3,7,,2015-02-19T06:54:55,2015-02-19T18:08:52,0,Partially cloudy,Partly cloudy throughout the day.,partly-cloudy-day,"42111099999,remote"
dehradun,2015-02-20,26.5,13.9,19.6,26.5,13.9,19.6,9.3,53,7.4,100,8.33,rain,0,0,33.8,10.1,107.8,1015.1,64.5,3,179.2,15.6,7,,2015-02-20T06:53:57,2015-02-20T18:09:38,0.04,"Rain, Partially cloudy",Partly cloudy throughout the day with rain clearing later.,rain,"42111099999,remote"
dehradun,2015-02-21,28.8,11.1,19.2,27.3,11.1,19,8.4,54.7,0,0,0,,0,0,35.6,30.2,297.1,1014.3,6.1,3.8,221,19,8,,2015-02-21T06:52:58,2015-02-21T18:10:24,0.08,Clear,Clear conditions throughout the day.,clear-day,"42111099999,remote"
dehradun,2015-02-22,30.1,12.3,19.5,28.3,12.3,19.3,8.4,52.4,0,0,0,,0,0,23.4,23.8,261.2,1012.1,24.2,3.7,231.7,20,8,,2015-02-22T06:51:59,2015-02-22T18:11:10,0.11,Partially cloudy,Partly cloudy throughout the day.,partly-cloudy-day,"42111099999,remote"
dehradun,2015-02-23,27.5,15.2,20.4,26.6,15.2,20.4,10.5,55.9,0,0,0,,0,0,21.2,15.5,243.7,1015,68.3,2.8,160.7,13.8,7,,2015-02-23T06:50:58,2015-02-23T18:11:55,0.14,Partially cloudy,Partly cloudy throughout the day.,partly-cloudy-day,"42111099999,remote"
dehradun,2015-02-24,26.7,16.2,20.9,26.7,16.2,20.9,10.2,52.7,0,0,0,,0,0,19.4,12.6,164.7,1012.6,92.3,2,102.2,8.9,4,,2015-02-24T06:49:57,2015-02-24T18:12:39,0.18,Overcast,Cloudy skies throughout the day.,cloudy,"42111099999,remote"
dehradun,2015-02-25,25.5,15.1,19.2,25.5,15.1,19.2,11.1,61.5,3.5,100,8.33,rain,0,0,38.9,21.6,96.1,1011.7,86.3,2.5,105.8,9.1,4,,2015-02-25T06:48:54,2015-02-25T18:13:23,0.25,"Rain, Partially cloudy",Partly cloudy throughout the day with rain clearing later.,rain,"42111099999,remote"
dehradun,2015-02-26,24.6,12.4,17.6,24.6,12.4,17.6,8,58.3,2,100,4.17,rain,0,0,35.6,18.4,193.2,1010.5,29.9,2.9,210.3,18.1,8,,2015-02-26T06:47:51,2015-02-26T18:14:07,0.25,"Rain, Partially cloudy",Partly cloudy throughout the day with late afternoon rain.,rain,"42111099999,remote"
dehradun,2015-02-27,24.7,11.1,16.5,24.7,11.1,16.5,2.8,46.4,1,100,4.17,rain,0,0,26.6,14.8,297.4,1012.9,13.3,3.3,239.2,20.7,9,,2015-02-27T06:46:48,2015-02-27T18:14:51,0.28,Rain,Clear conditions throughout the day with afternoon rain.,rain,"42111099999,remote"
dehradun,2015-02-28,25.7,10.4,17.4,25.7,10.4,17.4,3.3,43,0.4,100,8.33,rain,0,0,21.2,15.8,124.2,1014.2,78,3.3,191.6,16.6,7,,2015-02-28T06:45:43,2015-02-28T18:15:34,0.31,"Rain, Partially cloudy",Partly cloudy throughout the day with early morning rain.,rain,"42111099999,remote"
dehradun,2015-03-01,16.6,12.3,14.5,16.6,12.3,14.5,10.6,78.5,30.4,100,16.67,rain,0,0,45.4,30.6,110.4,1012.8,92.3,2.8,44.9,3.8,2,,2015-03-01T06:44:38,2015-03-01T18:16:17,0.35,"Rain, Overcast",Cloudy skies throughout the day with rain.,rain,"42111099999,remote"
dehradun,2015-03-02,17.7,11.2,13.6,17.7,11.2,13.6,11.7,88.9,113,100,20.83,rain,0,0,48.6,22.7,136.8,1013.8,78.3,2.3,74.7,6.4,3,,2015-03-02T06:43:32,2015-03-02T18:16:59,0.38,"Rain, Partially cloudy",Partly cloudy throughout the day with a chance of rain throughout the day.,rain,"42111099999,remote"
dehradun,2015-03-03,18.6,9.4,13.7,18.6,9.4,13.7,10.3,81.5,1,100,4.17,rain,0,0,25.6,12.6,261.6,1014.2,42.8,3.8,166.6,14.5,6,,2015-03-03T06:42:25,2015-03-03T18:17:41,0.42,"Rain, Partially cloudy",Partly cloudy throughout the day with afternoon rain.,rain,"42111099999,remote"
dehradun,2015-03-04,21.4,7.9,13.6,21.4,7.1,13.3,7.8,70.4,0,0,0,,0,0,30.6,19.1,284.3,1013,8.5,4,239.4,20.8,8,,2015-03-04T06:41:18,2015-03-04T18:18:23,0.45,Clear,Clear conditions throughout the day.,clear-day,"42111099999,remote"
dehradun,2015-03-05,23.1,9.4,15.6,23.1,9.4,15.6,7.9,62.9,0,0,0,,0,0,26.6,20.5,292.6,1015.4,16.4,4,246.3,21.3,9,,2015-03-05T06:40:10,2015-03-05T18:19:04,0.5,Clear,Clear conditions throughout the day.,clear-day,"42111099999,remote"
dehradun,2015-03-06,23.6,12.7,16.8,23.6,12.7,16.8,8.2,59.5,0.3,100,4.17,rain,0,0,31.7,22,297.7,1016.6,13.6,4,249.5,21.6,9,,2015-03-06T06:39:02,2015-03-06T18:19:45,0.52,Rain,Clear conditions throughout the day with early morning rain.,rain,"42111099999,remote"
dehradun,2015-03-07,24.9,10.7,17.2,24.9,10.7,17.2,7.8,56.3,2,100,4.17,rain,0,0,25.2,14.4,276.3,1014.8,29.6,3.7,253,22,9,,2015-03-07T06:37:53,2015-03-07T18:20:26,0.55,"Rain, Partially cloudy",Becoming cloudy in the afternoon with late afternoon rain.,rain,"42111099999,remote"
dehradun,2015-03-08,23.8,11.9,16.4,23.8,11.9,16.4,10.2,68.7,3,100,8.33,rain,0,0,33.5,18.7,128.6,1016.5,37.9,3.8,223.5,19.4,8,,2015-03-08T06:36:44,2015-03-08T18:21:07,0.59,"Rain, Partially cloudy",Partly cloudy throughout the day with rain in the morning and afternoon.,rain,"42111099999,remote"
dehradun,2015-03-09,23.1,11.1,15.9,23.1,11.1,15.9,9.4,67.4,6,100,4.17,rain,0,0,35.6,12.6,240.3,1020.3,24.9,3.3,227.1,19.6,8,,2015-03-09T06:35:34,2015-03-09T18:21:47,0.62,"Rain, Partially cloudy",Partly cloudy throughout the day with early morning rain.,rain,"42111099999,remote"
dehradun,2015-03-10,26.1,9.7,17.2,26.1,9.7,17.2,7.4,55.7,0,0,0,,0,0,27.4,14.8,275.5,1018.8,13.9,4,261.5,22.6,9,,2015-03-10T06:34:24,2015-03-10T18:22:27,0.65,Clear,Clear conditions throughout the day.,clear-day,"42111099999,remote"
dehradun,2015-03-11,26.2,11.1,18.2,26.2,11.1,18.2,7.8,53.1,0,0,0,,0,0,23.8,13.7,288.2,1017.4,38.6,4,241.7,20.9,8,,2015-03-11T06:33:13,2015-03-11T18:23:07,0.69,Partially cloudy,Partly cloudy throughout the day.,partly-cloudy-day,"42111099999,remote"
dehradun,2015-03-12,27.2,12.4,19,26.7,12.4,18.9,7.7,50.9,0,0,0,,0,0,24.8,15.8,300.5,1017.2,71.5,4,225,19.4,9,,2015-03-12T06:32:02,2015-03-12T18:23:46,0.72,Partially cloudy,Partly cloudy throughout the day.,partly-cloudy-day,"42111099999,remote"
dehradun,2015-03-13,26.2,12.2,19.5,26.2,12.2,19.5,7.1,46,0,0,0,,0,0,20.9,10.1,336.3,1015,65.5,4,157.5,13.7,7,,2015-03-13T06:30:50,2015-03-13T18:24:25,0.75,Partially cloudy,Partly cloudy throughout the day.,partly-cloudy-day,"42111099999,remote"
dehradun,2015-03-14,27.1,14.1,19.8,26.9,14.1,19.8,10.5,56.8,0.8,100,4.17,rain,0,0,23.4,8.3,114,1015.9,86.2,2.9,135,11.6,5,,2015-03-14T06:29:39,2015-03-14T18:25:04,0.79,"Rain, Partially cloudy",Partly cloudy throughout the day with late afternoon rain.,rain,"42111099999,remote"
dehradun,2015-03-15,21.3,14.8,17.7,21.3,14.8,17.7,12.5,72.8,8.6,100,8.33,rain,0,0,40,19.1,131.3,1016.4,94.3,2.4,136.2,11.9,6,,2015-03-15T06:28:27,2015-03-15T18:25:43,0.82,"Rain, Overcast",Cloudy skies throughout the day with rain clearing later.,rain,"42111099999,remote"
dehradun,2015-03-16,24.7,12.7,18.1,24.7,12.7,18.1,12.3,71.5,3.2,100,54.17,rain,0,0,38.9,17.6,141.8,1017.6,58.4,4,202.3,17.5,7,,2015-03-16T06:27:14,2015-03-16T18:26:21,0.86,"Rain, Partially cloudy",Partly cloudy throughout the day with a chance of rain throughout the day.,rain,"42111099999,remote"
dehradun,2015-03-17,25.9,12.1,18.3,25.9,12.1,18.3,11.4,66.7,0,0,0,,0,0,32,17.3,291.1,1016,18.1,4.8,263,22.7,9,,2015-03-17T06:26:02,2015-03-17T18:27:00,0.89,Clear,Clear conditions throughout the day.,clear-day,"42111099999,remote"
dehradun,2015-03-18,25.2,11.1,17.8,25.2,11.1,17.8,10.9,66.8,0,0,0,,0,0,27.4,23.4,285.1,1012.3,11.5,3.5,255.3,22.1,8,,2015-03-18T06:24:49,2015-03-18T18:27:38,0.93,Clear,Clear conditions throughout the day.,clear-day,"42111099999,remote"
dehradun,2015-03-19,26.6,13.1,19.1,26.6,13.1,19.1,11,61.4,0,0,0,,0,0,26.6,16.9,274.5,1014.2,23.2,3.3,271.4,23.5,9,,2015-03-19T06:23:36,2015-03-19T18:28:16,0.96,Partially cloudy,Partly cloudy throughout the day.,partly-cloudy-day,"42111099999,remote"
dehradun,2015-03-20,28.5,15.1,21,28.1,15.1,20.8,11.1,56.3,0,0,0,,0,0,29.5,18.7,274.5,1014.5,21,3.5,274.9,23.5,9,,2015-03-20T06:22:23,2015-03-20T18:28:54,0,Partially cloudy,Partly cloudy throughout the day.,partly-cloudy-day,"42111099999,remote"
dehradun,2015-03-21,29.3,16.1,21.7,28.1,16.1,21.5,11.1,53.7,0,0,0,,0,0,28.8,21.2,285.7,1015.4,8,3.8,275,23.9,9,,2015-03-21T06:21:10,2015-03-21T18:29:32,0.03,Clear,Clear conditions throughout the day.,clear-day,"42111099999,remote"
dehradun,2015-03-22,31,16.7,22.5,29.7,16.7,22.4,12.5,55.9,0,0,0,,0,0,32,24.5,277.5,1012.2,40.7,3.5,272.6,23.6,9,,2015-03-22T06:19:57,2015-03-22T18:30:09,0.06,Partially cloudy,Clearing in the afternoon.,partly-cloudy-day,"42111099999,remote"
dehradun,2015-03-23,31.3,16.1,23.2,30.1,16.1,23,13.7,57.8,0,0,0,,0,0,28.4,20.9,272.4,1010,17.3,3.8,277.7,24,9,,2015-03-23T06:18:43,2015-03-23T18:30:47,0.1,Clear,Clear conditions throughout the day.,clear-day,"42111099999,remote"
dehradun,2015-03-24,32.1,17.1,24.4,31,17.1,24.2,13.9,54.5,0,0,0,,0,0,25.2,14.4,259.3,1010.8,47.3,3,269.5,23.5,9,,2015-03-24T06:17:30,2015-03-24T18:31:24,0.13,Partially cloudy,Partly cloudy throughout the day.,partly-cloudy-day,"42111099999,remote"
dehradun,2015-03-25,32.6,19.4,25.2,31.5,19.4,25,14.1,52.6,0,0,0,,0,0,28.4,14.4,286.9,1013,58.1,2.3,254,22,8,,2015-03-25T06:16:17,2015-03-25T18:32:01,0.16,Partially cloudy,Partly cloudy throughout the day.,partly-cloudy-day,"42111099999,remote"
dehradun,2015-03-26,33.4,19.6,25.4,32.5,19.6,25.1,12.6,49,0,0,0,,0,0,24.5,16.2,287.4,1014.1,63.6,2,257.7,22.1,9,,2015-03-26T06:15:03,2015-03-26T18:32:38,0.19,Partially cloudy,Partly cloudy throughout the day.,partly-cloudy-day,"42111099999,remote"
dehradun,2015-03-27,33.6,19.7,25.6,31.8,19.7,25.2,12.1,46.2,0,0,0,,0,0,28.4,24.1,286.8,1013.4,30.3,2,280.8,24.1,9,,2015-03-27T06:13:50,2015-03-27T18:33:15,0.25,Partially cloudy,Clearing in the afternoon.,partly-cloudy-day,"42111099999,remote"
dehradun,2015-03-28,33.3,17.7,25.2,31.3,17.7,24.7,10.6,43.2,0,0,0,,0,0,27.7,18.4,250.8,1011,35.7,2,290.4,25,9,,2015-03-28T06:12:37,2015-03-28T18:33:52,0.26,Partially cloudy,Partly cloudy throughout the day.,partly-cloudy-day,"42111099999,remote"
dehradun,2015-03-29,29.8,17.2,22.3,28.2,17.2,22,11.1,53,11,100,12.5,rain,0,0,40,32,82.7,1010.5,73.4,3.3,130,11.1,5,,2015-03-29T06:11:24,2015-03-29T18:34:29,0.29,"Rain, Partially cloudy",Partly cloudy throughout the day with rain.,rain,"42111099999,remote"
dehradun,2015-03-30,25.2,16.2,19.1,25.2,16.2,19.1,13.2,70.6,5,100,8.33,rain,0,0,32.8,26.6,93.2,1012,67.1,3,160.5,13.7,7,,2015-03-30T06:10:11,2015-03-30T18:35:06,0.33,"Rain, Partially cloudy",Partly cloudy throughout the day with rain clearing later.,rain,"42111099999,remote"
dehradun,2015-03-31,28.4,15.4,21.1,27.7,15.4,21,12.7,60.8,0,0,0,,0,0,24.1,11.9,267.8,1012,40.5,3.5,266.7,23,9,,2015-03-31T06:08:58,2015-03-31T18:35:43,0.36,Partially cloudy,Partly cloudy throughout the day.,partly-cloudy-day,"42111099999,remote"
dehradun,2015-04-01,28.4,16.1,22.3,27.7,16.1,22.2,13.1,58,0.4,100,4.17,rain,0,0,22.7,11.5,336.7,1009.4,64,3.5,161.3,13.9,7,,2015-04-01T06:07:45,2015-04-01T18:36:20,0.39,"Rain, Partially cloudy",Partly cloudy throughout the day with late afternoon rain.,rain,"42111099999,remote"
dehradun,2015-04-02,31.7,16.4,23.8,30.5,16.4,23.5,13.6,55.9,4.6,100,4.17,rain,0,0,33.5,13.7,340.3,1006.9,54.9,3,220,19,8,,2015-04-02T06:06:33,2015-04-02T18:36:57,0.43,"Rain, Partially cloudy",Partly cloudy throughout the day with morning rain.,rain,"42111099999,remote"
dehradun,2015-04-03,27.4,18.1,21.6,28,18.1,21.7,14.4,64.3,2,100,4.17,rain,0,0,41.4,22.3,103.4,1005.8,84.4,3.5,125.5,10.9,6,,2015-04-03T06:05:20,2015-04-03T18:37:34,0.46,"Rain, Partially cloudy",Partly cloudy throughout the day with morning rain.,rain,"42111099999,remote"
dehradun,2015-04-04,25,16.1,19.5,25,16.1,19.5,14.6,74.9,25,100,8.33,rain,0,0,40,17.6,144.4,1005.9,78.9,3.3,192.2,16.6,8,,2015-04-04T06:04:09,2015-04-04T18:38:11,0.5,"Rain, Partially cloudy",Partly cloudy throughout the day with morning rain.,rain,"42111099999,remote"
dehradun,2015-04-05,27.5,13.9,20.7,27.4,13.9,20.7,13.8,67.8,0,0,0,,0,0,24.1,15.1,283.9,1008,22,3.8,259.7,22.5,8,,2015-04-05T06:02:57,2015-04-05T18:38:48,0.53,Partially cloudy,Partly cloudy throughout the day.,partly-cloudy-day,"42111099999,remote"
dehradun,2015-04-06,29.4,15.2,22.2,28.2,15.2,22,11.5,53.3,0,0,0,,0,0,27.4,13.7,267.6,1008.5,11.9,3.8,297.6,25.8,10,,2015-04-06T06:01:46,2015-04-06T18:39:25,0.56,Clear,Clear conditions throughout the day.,clear-day,"42111099999,remote"
dehradun,2015-04-07,29.6,15.1,20.8,28.2,15.1,20.6,10.9,57.2,2,100,4.17,rain,0,0,27.7,16.9,180.9,1011.5,35.9,3,279.4,23.9,9,,2015-04-07T06:00:35,2015-04-07T18:40:02,0.6,"Rain, Partially cloudy",Partly cloudy throughout the day with afternoon rain.,rain,"42111099999,remote"
dehradun,2015-04-08,29.3,13.2,21.2,28,13.2,21,10.9,55.1,0.5,100,4.17,rain,0,0,22,20.2,303.3,1012.9,15.2,4,290.8,25,10,,2015-04-08T05:59:24,2015-04-08T18:40:39,0.63,Rain,Clear conditions throughout the day with afternoon rain.,rain,"42111099999,remote"
dehradun,2015-04-09,30.7,13.1,22.4,29.2,13.1,22.1,11.5,53.3,0,0,0,,0,0,27.7,21.2,282.2,1010.8,0.5,4,308.7,26.5,10,,2015-04-09T05:58:14,2015-04-09T18:41:16,0.67,Clear,Clear conditions throughout the day.,clear-day,"42111099999,remote"
dehradun,2015-04-10,32.7,14.1,24.1,31,14.1,23.6,11.3,47.8,0,0,0,,0,0,28.8,23.8,274.8,1009.2,21,4,311.5,27.1,10,,2015-04-10T05:57:04,2015-04-10T18:41:54,0.7,Partially cloudy,Partly cloudy throughout the day.,partly-cloudy-day,"42111099999,remote"
dehradun,2015-04-11,33.2,17.7,25.4,31.1,17.7,24.7,10.1,40.8,0,0,0,,0,0,24.5,15.5,289.1,1009.4,40.5,4,287.1,24.6,9,,2015-04-11T05:55:55,2015-04-11T18:42:31,0.74,Partially cloudy,Partly cloudy throughout the day.,partly-cloudy-day,"42111099999,remote"
dehradun,2015-04-12,31.8,18.2,24.6,29.8,18.2,24.2,10.7,44.1,0.2,100,8.33,rain,0,0,30.2,13.3,89.5,1012.8,82.6,2.5,197.6,17,7,,2015-04-12T05:54:46,2015-04-12T18:43:08,0.75,"Rain, Partially cloudy",Partly cloudy throughout the day with early morning rain.,rain,"42111099999,remote"
dehradun,2015-04-13,29.8,18.6,23.6,28.9,18.6,23.4,13.7,55.6,0,0,0,,0,0,22.3,15.1,120.1,1015.1,75.7,3,212.5,18.4,7,,2015-04-13T05:53:38,2015-04-13T18:43:46,0.81,Partially cloudy,Partly cloudy throughout the day.,partly-cloudy-day,"42111099999,remote"
dehradun,2015-04-14,30.1,18.6,23.2,29.4,18.6,23.2,15.9,66.2,10,100,4.17,rain,0,0,22,12.6,214.9,1014.7,52.6,2.8,257.3,22.2,9,,2015-04-14T05:52:30,2015-04-14T18:44:23,0.84,"Rain, Partially cloudy",Partly cloudy throughout the day with afternoon rain.,rain,"42111099999,remote"
dehradun,2015-04-15,29.1,18.1,23.3,30.1,18.1,23.4,16.4,67,7,100,4.17,rain,0,0,25.2,7.6,68.1,1014.5,62.7,3.7,165.7,14.3,6,,2015-04-15T05:51:23,2015-04-15T18:45:01,0.88,"Rain, Partially cloudy",Partly cloudy throughout the day with afternoon rain.,rain,"42111099999,remote"
dehradun,2015-04-16,29.3,17.9,22.8,29.2,17.9,22.8,15.9,67.1,0.8,100,4.17,rain,0,0,24.8,18.7,278.3,1015.8,41,3.8,246.3,21.5,8,,2015-04-16T05:50:16,2015-04-16T18:45:39,0.91,"Rain, Partially cloudy",Partly cloudy throughout the day with morning rain.,rain,"42111099999,remote"
dehradun,2015-04-17,32.8,16.2,24.4,31.4,16.2,24.2,13.9,55.4,0,0,0,,0,0,32,35.6,289.6,1009.3,1.6,4,307.5,26.5,10,,2015-04-17T05:49:10,2015-04-17T18:46:16,0.95,Clear,Clear conditions throughout the day.,clear-day,"42111099999,remote"
dehradun,2015-04-18,35.8,18.1,26.1,34.2,18.1,25.7,12.8,47.4,0,0,0,,0,0,27.7,30.6,295.3,1003.4,19.5,3,314.3,27.2,10,,2015-04-18T05:48:05,2015-04-18T18:46:54,0.98,Clear,Clear conditions throughout the day.,clear-day,"42111099999,remote"
dehradun,2015-04-19,37.5,19.4,28.3,35.5,19.4,27.8,12.6,40.8,0,0,0,,0,0,25.2,16.2,268.2,1004.9,24.1,2.8,312.5,26.9,10,,2015-04-19T05:47:00,2015-04-19T18:47:32,0,Partially cloudy,Partly cloudy throughout the day.,partly-cloudy-day,"42111099999,remote"
dehradun,2015-04-20,36.7,22.1,28.8,37.1,22.1,28.8,14.4,45,1,100,4.17,rain,0,0,28.8,16.2,136.7,1008.4,26.8,2.5,279.9,24.2,9,,2015-04-20T05:45:56,2015-04-20T18:48:11,0.05,"Rain, Partially cloudy",Partly cloudy throughout the day with early morning rain.,rain,"42111099999,remote"
dehradun,2015-04-21,36.4,21.9,28.2,34.7,21.9,27.6,12.5,40.6,0,0,0,,0,0,31,21.2,284.1,1006.8,6.5,2.3,294.9,25.4,9,,2015-04-21T05:44:53,2015-04-21T18:48:49,0.08,Clear,Clear conditions throughout the day.,clear-day,"42111099999,remote"
dehradun,2015-04-22,36.3,17.7,26.8,33.7,17.7,25.9,9.4,38.3,0,0,0,,0,0,31.7,23.4,281,1004.2,0.1,2.5,327.8,28.3,10,,2015-04-22T05:43:50,2015-04-22T18:49:27,0.11,Clear,Clear conditions throughout the day.,clear-day,"42111099999,remote"
dehradun,2015-04-23,36.8,18.9,28.3,34.1,18.9,27.3,9,33.6,0,0,0,,0,0,32,18.7,271.8,1005,8.9,2.8,328.7,28.5,10,,2015-04-23T05:42:49,2015-04-23T18:50:06,0.15,Clear,Clear conditions throughout the day.,clear-day,"42111099999,remote"
dehradun,2015-04-24,36.9,18.1,28.8,34.3,18.1,28,9.6,34.4,0,0,0,,0,0,28.4,13,230.1,1006.4,14.1,2.8,318.6,27.4,10,,2015-04-24T05:41:48,2015-04-24T18:50:44,0.18,Clear,Clear conditions throughout the day.,clear-day,"42111099999,remote"
dehradun,2015-04-25,36.7,18.4,27.6,34.3,18.4,26.9,10.7,39.2,1,100,4.17,rain,0,0,34.9,15.1,162.6,1007.7,13.9,3,317.5,27.4,10,,2015-04-25T05:40:48,2015-04-25T18:51:23,0.21,Rain,Clear conditions throughout the day with late afternoon rain.,rain,"42111099999,remote"
dehradun,2015-04-26,31.6,20.1,25.4,30.6,20.1,25.3,14.8,54,0.2,100,8.33,rain,0,0,25.6,18.7,160.1,1010.8,27.6,3.5,284.7,24.6,9,,2015-04-26T05:39:48,2015-04-26T18:52:02,0.25,"Rain, Partially cloudy",Clearing in the afternoon with early morning rain.,rain,"42111099999,remote"
dehradun,2015-04-27,34.2,20.2,27,33.6,20.2,26.9,15.3,50.5,0.6,100,16.67,rain,0,0,29.9,16.6,154.9,1010,17.2,2.5,300.4,26.2,9,,2015-04-27T05:38:50,2015-04-27T18:52:41,0.28,Rain,Clear conditions throughout the day with afternoon rain.,rain,"42111099999,remote"
dehradun,2015-04-28,36.1,18.7,27.9,35.4,18.7,27.7,14.9,47,0.6,100,8.33,rain,0,0,32,16.9,255.1,1007.2,31.4,2.5,255.4,22,9,,2015-04-28T05:37:52,2015-04-28T18:53:20,0.31,"Rain, Partially cloudy",Becoming cloudy in the afternoon with early morning rain.,rain,"42111099999,remote"
dehradun,2015-04-29,35.7,17.2,27.1,33.5,17.2,26.5,12.3,44.5,0.2,100,8.33,rain,0,0,24.5,18.4,265.8,1007.3,16.4,2.5,317.8,27.6,10,,2015-04-29T05:36:56,2015-04-29T18:53:59,0.34,Rain,Clear conditions throughout the day with early morning rain.,rain,"42111099999,remote"
dehradun,2015-04-30,36,19.9,28.4,34.1,19.9,27.8,12.5,40.7,0.8,100,4.17,rain,0,0,29.2,15.8,164.1,1007.7,12.6,2,301.9,26.1,10,,2015-04-30T05:36:00,2015-04-30T18:54:38,0.37,Rain,Clear conditions throughout the day with late afternoon rain.,rain,"42111099999,remote"
dehradun,2015-05-01,35,19.1,27.6,33.3,19.1,27.2,13.2,43.3,7.2,100,8.33,rain,0,0,29.9,15.5,243,1007.5,9.3,3.3,314.9,27.2,10,,2015-05-01T05:35:05,2015-05-01T18:55:17,0.41,Rain,Clear conditions throughout the day with early morning rain.,rain,"42111099999,remote"
dehradun,2015-05-02,35.3,19.7,27.2,32.9,19.7,26.5,9.6,36.2,0,0,0,,0,0,25.9,22.7,280.4,1007.4,3.5,3.3,332.1,28.6,10,,2015-05-02T05:34:12,2015-05-02T18:55:56,0.44,Clear,Clear conditions throughout the day.,clear-day,"42111099999,remote"
dehradun,2015-05-03,36.4,17.1,27.4,33.7,17.1,26.4,7,31.1,0,0,0,,0,0,24.5,22.7,289.5,1008.3,1.5,4,339,29.2,10,,2015-05-03T05:33:19,2015-05-03T18:56:35,0.47,Clear,Clear conditions throughout the day.,clear-day,"42111099999,remote"
dehradun,2015-05-04,37.3,17.4,28.1,34.5,17.4,27.1,7.4,30.7,0,0,0,,0,0,24.1,21.6,285.8,1008.2,1.4,4,338.9,29.3,10,,2015-05-04T05:32:28,2015-05-04T18:57:15,0.5,Clear,Clear conditions throughout the day.,clear-day,"42111099999,remote"
dehradun,2015-05-05,38.2,21.1,29.5,35.6,21.1,28.6,9.5,31.7,0,0,0,,0,0,30.6,19.4,277.6,1005.9,1.2,3.5,329,28.4,10,,2015-05-05T05:31:37,2015-05-05T18:57:54,0.54,Clear,Clear conditions throughout the day.,clear-day,"42111099999,remote"
dehradun,2015-05-06,38.9,20.9,30.5,36.7,20.9,29.8,11.5,34,0,0,0,,0,0,27.4,23.8,283.6,1003.8,10.9,2.5,314.8,27.2,10,,2015-05-06T05:30:48,2015-05-06T18:58:33,0.58,Clear,Clear conditions throughout the day.,clear-day,"42111099999,remote"
dehradun,2015-05-07,39.7,23.2,31.5,37.7,23.2,30.8,12,32.7,0,0,0,,0,0,32,20.9,279.8,1004.8,13.6,2.3,314.2,27,10,,2015-05-07T05:29:59,2015-05-07T18:59:13,0.61,Clear,Clear conditions throughout the day.,clear-day,"42111099999,remote"
dehradun,2015-05-08,40.2,23.7,31.4,37.9,23.7,30.6,11.6,32.5,0,0,0,,0,0,33.5,27.7,280.4,1004.3,36.9,2.1,299.1,25.8,9,,2015-05-08T05:29:12,2015-05-08T18:59:52,0.65,Partially cloudy,Partly cloudy throughout the day.,partly-cloudy-day,"42111099999,remote"
dehradun,2015-05-09,39.4,23.7,31.7,37.9,23.7,30.8,11.2,30.7,0,0,0,,0,0,30.2,13.7,213.1,1004,37.7,2.5,296.7,25.7,10,,2015-05-09T05:28:26,2015-05-09T19:00:32,0.68,Partially cloudy,Partly cloudy throughout the day.,partly-cloudy-day,"42111099999,remote"
dehradun,2015-05-10,39.7,24.4,31.9,39.2,24.4,31.5,12.8,33.4,0,0,0,,0,0,24.8,13.7,177.6,1003.6,36,2.3,295.1,25.5,9,,2015-05-10T05:27:41,2015-05-10T19:01:11,0.72,Partially cloudy,Becoming cloudy in the afternoon.,partly-cloudy-day,"42111099999,remote"
dehradun,2015-05-11,39,24.9,31.9,43.6,24.9,31.9,14.7,38,1,100,4.17,rain,0,0,29.5,19.8,244.6,1005.1,58.1,9.1,283.8,24.5,9,,2015-05-11T05:26:57,2015-05-11T19:01:50,0.75,"Rain, Partially cloudy",Partly cloudy throughout the day with late afternoon rain.,rain,"42111099999,remote"
dehradun,2015-05-12,37.3,22.4,29.9,35.8,22.4,29.4,14.6,43.1,1,100,8.33,rain,0,0,22.7,14.4,179.9,1007.3,46.5,3,282.9,24.5,9,,2015-05-12T05:26:15,2015-05-12T19:02:29,0.79,"Rain, Partially cloudy",Partly cloudy throughout the day with early morning rain.,rain,"42111099999,remote"
dehradun,2015-05-13,38.2,20.2,29.4,36.5,20.2,28.9,13.7,43,0.1,100,4.17,rain,0,0,29.9,20.5,242,1007.2,21.9,3,316.4,27.1,10,,2015-05-13T05:25:33,2015-05-13T19:03:08,0.83,"Rain, Partially cloudy",Partly cloudy throughout the day with afternoon rain.,rain,"42111099999,remote"
dehradun,2015-05-14,36.4,20.4,28.9,34.8,20.4,28.3,13.3,41.9,0,0,0,,0,0,28.8,15.5,272.1,1008.4,27,2.8,317.7,27.5,10,,2015-05-14T05:24:53,2015-05-14T19:03:47,0.86,Partially cloudy,Partly cloudy throughout the day.,partly-cloudy-day,"42111099999,remote"
dehradun,2015-05-15,36.6,21.1,29,35.4,21.1,28.6,14.3,43.1,0,0,0,,0,0,34.9,19.8,284.3,1007.7,14.7,3.7,315.4,27.1,10,,2015-05-15T05:24:15,2015-05-15T19:04:26,0.9,Clear,Clear conditions throughout the day.,clear-day,"42111099999,remote"
dehradun,2015-05-16,36.9,19.1,29.5,35.3,19.1,28.9,13.8,42,0.4,100,8.33,rain,0,0,27.4,15.8,280.1,1005.4,25.4,3.8,290.9,25.3,9,,2015-05-16T05:23:37,2015-05-16T19:05:05,0.93,"Rain, Partially cloudy",Partly cloudy throughout the day with early morning rain.,rain,"42111099999,remote"
dehradun,2015-05-17,37.4,23.7,30.4,35.9,23.7,29.9,13.5,37.8,0,0,0,,0,0,29.5,15.1,222.4,1003.6,6.6,2.3,320.3,27.9,9,,2015-05-17T05:23:01,2015-05-17T19:05:43,0.97,Clear,Clear conditions throughout the day.,clear-day,"42111099999,remote"
dehradun,2015-05-18,40.8,23.4,32,39.2,23.4,31.7,14.1,38.4,0,0,0,,0,0,37.1,15.8,247.9,1002.7,2.4,2.3,317,27.5,10,,2015-05-18T05:22:26,2015-05-18T19:06:21,0,Clear,Clear conditions throughout the day.,clear-day,"42111099999,remote"
dehradun,2015-05-19,42.3,22.1,32.6,40.2,22.1,32.1,13.2,35.8,0,0,0,,0,0,40.3,29.5,287.8,1002.8,12.5,2.8,314.9,27.3,10,,2015-05-19T05:21:53,2015-05-19T19:06:59,0.04,Clear,Clear conditions throughout the day.,clear-day,"42111099999,remote"
dehradun,2015-05-20,40.6,21.4,31.3,37.8,21.4,30.2,9,29.6,0,0,0,,0,0,43.2,31.3,282.5,1002.6,3.1,2.5,331.5,28.7,10,,2015-05-20T05:21:20,2015-05-20T19:07:37,0.07,Clear,Clear conditions throughout the day.,clear-day,"42111099999,remote"
dehradun,2015-05-21,41.5,21.7,32.1,38.3,21.7,30.5,6.5,23.5,0,0,0,,0,0,51.8,32.8,286.4,1001,0.4,3.8,347.4,30.1,10,,2015-05-21T05:20:50,2015-05-21T19:08:15,0.1,Clear,Clear conditions throughout the day.,clear-day,"42111099999,remote"
dehradun,2015-05-22,42.6,21.1,32.3,38.8,21.1,30.7,6.1,24,0,0,0,,0,0,47.2,29.2,284.5,999.7,0,3.5,351,30.3,10,,2015-05-22T05:20:20,2015-05-22T19:08:52,0.13,Clear,Clear conditions throughout the day.,clear-day,"42111099999,remote"
dehradun,2015-05-23,42.5,22.4,33.5,39.4,22.4,31.9,7,21.3,0,0,0,,0,0,40.3,23.4,278.5,998.4,8,3.4,329.8,28.7,10,,2015-05-23T05:19:52,2015-05-23T19:09:29,0.16,Clear,Clear conditions throughout the day.,clear-day,"42111099999,remote"
dehradun,2015-05-24,42.9,26.4,34.3,39.2,26.4,32.5,7.3,22,0,0,0,,0,0,34.9,20.9,221,999.4,13.8,3.3,334.4,28.9,10,,2015-05-24T05:19:25,2015-05-24T19:10:05,0.2,Clear,Clear conditions throughout the day.,clear-day,"42111099999,remote"
dehradun,2015-05-25,43.2,24.9,34.4,39.7,24.9,32.5,6.5,21.4,0,0,0,,0,0,32.4,22.3,201.7,999.3,8.4,2.3,317.5,27.5,10,,2015-05-25T05:19:00,2015-05-25T19:10:41,0.25,Clear,Clear conditions throughout the day.,clear-day,"42111099999,remote"
dehradun,2015-05-26,42.4,26.1,33.9,39.2,26,32.3,6.2,21.2,0,0,0,,0,0,39.6,23.4,180.7,1001.3,12.2,2,323.7,28.2,10,,2015-05-26T05:18:36,2015-05-26T19:11:17,0.26,Clear,Clear conditions throughout the day.,clear-day,"42111099999,remote"
dehradun,2015-05-27,41.3,23.7,32.5,38.9,23.7,30.9,3.7,21,0,0,0,,0,0,36,18.4,270.9,1002.9,2.1,2,349.5,30,10,,2015-05-27T05:18:13,2015-05-27T19:11:52,0.29,Clear,Clear conditions throughout the day.,clear-day,"42111099999,remote"
dehradun,2015-05-28,41.3,24.1,32.4,37.5,24.1,30.9,3.5,20.3,0,0,0,,0,0,34.2,17.6,272.1,1001.7,14.8,2.5,331.7,28.6,10,,2015-05-28T05:17:52,2015-05-28T19:12:27,0.33,Clear,Clear conditions throughout the day.,clear-day,"42111099999,remote"
dehradun,2015-05-29,42.7,25.1,32.9,39,25.1,31.3,6.1,22.6,0,0,0,,0,0,35.3,19.4,272.5,1002.5,16.1,2.5,336.4,29,10,,2015-05-29T05:17:33,2015-05-29T19:13:01,0.36,Clear,Clear conditions throughout the day.,clear-day,"42111099999,remote"
dehradun,2015-05-30,41.7,22.4,33.3,39,22.4,31.9,9.5,26.2,0,0,0,,0,0,35.6,20.9,270.2,1003,8.4,2.8,330.7,28.4,10,,2015-05-30T05:17:14,2015-05-30T19:13:35,0.39,Clear,Clear conditions throughout the day.,clear-day,"42111099999,remote"
dehradun,2015-05-31,40.5,23.1,32.4,38.5,23.1,31,9.6,26.8,0,0,0,,0,0,33.8,19.8,280.3,1003,20.5,3.8,313.1,27.1,10,,2015-05-31T05:16:57,2015-05-31T19:14:08,0.42,Partially cloudy,Partly cloudy throughout the day.,partly-cloudy-day,"42111099999,remote"
dehradun,2015-06-01,39,22.4,31.5,36.6,22.4,30,8.7,27,0,0,0,,0,0,28.1,17.6,234.2,1002.5,26,4,310.4,26.7,10,,2015-06-01T05:16:42,2015-06-01T19:14:40,0.45,Partially cloudy,Partly cloudy throughout the day.,partly-cloudy-day,"42111099999,remote"
dehradun,2015-06-02,38.3,23.9,30.9,36.4,23.9,29.9,10.7,31.3,0.2,100,8.33,rain,0,0,24.8,19.1,212.9,1004.9,70.5,3.5,258.3,22.3,8,,2015-06-02T05:16:28,2015-06-02T19:15:12,0.5,"Rain, Partially cloudy",Partly cloudy throughout the day with early morning rain.,rain,"42111099999,remote"
dehradun,2015-06-03,39.8,23.1,31,37.7,23.1,29.9,11,32.3,0,0,0,,0,0,36.4,16.2,196.4,1006.2,49.8,4,315.3,27.1,10,,2015-06-03T05:16:15,2015-06-03T19:15:43,0.52,Partially cloudy,Partly cloudy throughout the day.,partly-cloudy-day,"42111099999,remote"
dehradun,2015-06-04,38.9,25.1,32.5,37.3,25.1,31.5,11.5,29.5,0.7,100,8.33,rain,0,0,41.4,22,188.7,1005.7,43.5,2.6,264.8,22.9,9,,2015-06-04T05:16:04,2015-06-04T19:16:14,0.56,"Rain, Partially cloudy",Partly cloudy throughout the day with morning rain.,rain,"42111099999,remote"
dehradun,2015-06-05,39.7,24.4,32.1,37.9,24.4,31.5,13,34.5,2.2,100,12.5,rain,0,0,29.9,16.6,234.2,1005.5,11.8,3.3,338,29.2,10,,2015-06-05T05:15:55,2015-06-05T19:16:43,0.59,Rain,Clear conditions throughout the day with rain clearing later.,rain,"42111099999,remote"
dehradun,2015-06-06,39.7,24.9,32,37.6,24.9,31.2,12.3,33,0,0,0,,0,0,32,18.4,271.2,1002.5,4.7,2.5,340.6,29.5,10,,2015-06-06T05:15:46,2015-06-06T19:17:12,0.63,Clear,Clear conditions throughout the day.,clear-day,"42111099999,remote"
dehradun,2015-06-07,41,24.7,33,38.9,24.7,32,11.3,29.3,0,0,0,,0,0,30.2,21.6,262.9,1001.2,2.5,2.5,341.7,29.5,10,,2015-06-07T05:15:39,2015-06-07T19:17:41,0.67,Clear,Clear conditions throughout the day.,clear-day,"42111099999,remote"
dehradun,2015-06-08,43,24.1,34.5,40.2,24.1,33.2,10.3,26.2,0,0,0,,0,0,31.7,23.4,271.2,1000.6,0,2.5,341.9,29.7,10,,2015-06-08T05:15:34,2015-06-08T19:18:08,0.7,Clear,Clear conditions throughout the day.,clear-day,"42111099999,remote"
dehradun,2015-06-09,43.6,25.1,35.3,43.6,25.1,34.4,11.1,25.9,0,0,0,,0,0,53.6,29.9,280.8,999.6,8.8,3.3,334.2,28.9,10,,2015-06-09T05:15:30,2015-06-09T19:18:34,0.75,Clear,Clear conditions throughout the day.,clear-day,"42111099999,remote"
dehradun,2015-06-10,39.1,25.4,33.4,41.6,25.4,33.4,14.8,34.3,0,0,0,,0,0,45,30.6,278.7,999.9,47.1,2.5,237,20.6,7,,2015-06-10T05:15:27,2015-06-10T19:19:00,0.77,Partially cloudy,Partly cloudy throughout the day.,partly-cloudy-day,"42111099999,remote"
dehradun,2015-06-11,42,25.1,34.5,41.7,25.1,34.3,14.9,33.7,0,0,0,,0,0,45.7,32.8,277.3,1000.6,13,2.8,329,28.3,10,,2015-06-11T05:15:26,2015-06-11T19:19:25,0.81,Clear,Clear conditions throughout the day.,clear-day,"42111099999,remote"
dehradun,2015-06-12,42.1,26.1,34,40.2,26.1,33,12,29.3,0,0,0,,0,0,43.2,27.7,272.2,999.4,8,2.6,339.3,29.2,10,,2015-06-12T05:15:26,2015-06-12T19:19:48,0.84,Clear,Clear conditions throughout the day.,clear-day,"42111099999,remote"
dehradun,2015-06-13,41.1,24.6,32.4,39.9,24.6,32,14.5,37.4,4,100,8.33,rain,0,0,33.5,25.2,247,999.5,35.1,2.3,286.1,24.7,9,,2015-06-13T05:15:27,2015-06-13T19:20:11,0.88,"Rain, Partially cloudy",Becoming cloudy in the afternoon with afternoon rain.,rain,"42111099999,remote"
dehradun,2015-06-14,35.2,23.7,29.4,35.2,23.7,29.7,17.2,49.6,1.7,100,41.67,rain,0,0,34.2,20.5,259.4,1001.1,35.5,2,279,24.1,8,,2015-06-14T05:15:30,2015-06-14T19:20:33,0.92,"Rain, Partially cloudy",Partly cloudy throughout the day with a chance of rain throughout the day.,rain,"42111099999,remote"
dehradun,2015-06-15,38.1,22.4,30.2,38,22.4,30.3,16.5,46.5,0,0,0,,0,0,31,17.3,246.6,1001.3,25.1,3.8,304.7,26.3,9,,2015-06-15T05:15:34,2015-06-15T19:20:53,0.95,Partially cloudy,Partly cloudy throughout the day.,partly-cloudy-day,"42111099999,remote"
dehradun,2015-06-16,38.7,24.9,31.9,44.3,24.9,32.8,17.2,44.1,0,0,0,,0,0,28.4,17.3,249.8,1000.8,30.6,3.3,304,26.1,9,,2015-06-16T05:15:39,2015-06-16T19:21:13,0,Partially cloudy,Partly cloudy throughout the day.,partly-cloudy-day,"42111099999,remote"
dehradun,2015-06-17,40.9,25.1,32.5,51.7,25.1,34,17.6,47.7,5,100,4.17,rain,0,0,28.4,22.7,242.7,999.9,23.5,2.8,319.9,27.7,10,,2015-06-17T05:15:46,2015-06-17T19:21:31,0.02,"Rain, Partially cloudy",Becoming cloudy in the afternoon with afternoon rain.,rain,"42111099999,remote"
dehradun,2015-06-18,40.1,26.1,32.9,40.1,26.1,33.8,17.4,43.1,1.3,100,16.67,rain,0,0,25.9,18.4,220.1,999.8,30.5,2,300.7,26,9,,2015-06-18T05:15:54,2015-06-18T19:21:49,0.05,"Rain, Partially cloudy",Partly cloudy throughout the day with early morning rain.,rain,"42111099999,remote"
dehradun,2015-06-19,40.9,27.7,33.4,40.5,29.4,34.4,17.3,41.8,1.6,100,33.33,rain,0,0,26.6,15.5,172.2,999.1,46.4,2,255.7,22.1,8,,2015-06-19T05:16:03,2015-06-19T19:22:05,0.09,"Rain, Partially cloudy",Partly cloudy throughout the day with rain.,rain,"42111099999,remote"
dehradun,2015-06-20,38.2,21.7,30.3,39.6,21.7,31.4,19.4,56.2,21.2,100,16.67,rain,0,0,22.3,16.6,95.8,1001.1,33.4,3.3,290.3,25.1,9,,2015-06-20T05:16:13,2015-06-20T19:22:20,0.12,"Rain, Partially cloudy",Partly cloudy throughout the day with rain clearing later.,rain,"42111099999,remote"
dehradun,2015-06-21,37.1,24.4,30.7,39.3,24.4,32.7,20.5,57,3,100,4.17,rain,0,0,24.1,11.9,243.5,1000.8,26.4,3.5,311.8,27,9,,2015-06-21T05:16:25,2015-06-21T19:22:34,0.15,"Rain, Partially cloudy",Partly cloudy throughout the day with afternoon rain.,rain,"42111099999,remote"
dehradun,2015-06-22,38,23.2,31.2,39.5,23.2,32.9,19.8,53.3,0,0,0,,0,0,29.2,14.8,248.7,998.4,21.7,4,313,27.2,9,,2015-06-22T05:16:38,2015-06-22T19:22:46,0.18,Partially cloudy,Partly cloudy throughout the day.,partly-cloudy-day,"42111099999,remote"
dehradun,2015-06-23,39.5,24.2,31.8,40.8,24.2,33.1,18.9,49.2,1.2,100,41.67,rain,0,0,25.9,20.9,267.9,997.1,31.6,3.8,295.4,25.4,10,,2015-06-23T05:16:52,2015-06-23T19:22:57,0.22,"Rain, Partially cloudy",Partly cloudy throughout the day with rain.,rain,"42111099999,remote"
dehradun,2015-06-24,36.8,24.1,30.1,38.4,24.1,32.3,20.9,60.6,9,100,8.33,rain,0,0,29.2,14,262.2,997.6,75,2.5,197.6,16.8,8,,2015-06-24T05:17:07,2015-06-24T19:23:08,0.25,"Rain, Partially cloudy",Partly cloudy throughout the day with morning rain.,rain,"42111099999,remote"
dehradun,2015-06-25,32.1,21.2,26.3,33.6,21.2,27.1,21.4,77.1,26,100,16.67,rain,0,0,20.5,9.7,319.3,996.4,68.8,2.8,191.4,16.5,6,,2015-06-25T05:17:23,2015-06-25T19:23:16,0.28,"Rain, Partially cloudy",Partly cloudy throughout the day with a chance of rain throughout the day.,rain,"42111099999,remote"
dehradun,2015-06-26,37.7,19.9,28.9,36.8,19.9,29.2,18,57.6,0,0,0,,0,0,34.9,26.3,277.5,995.8,8.2,3.3,342.7,29.5,10,,2015-06-26T05:17:40,2015-06-26T19:23:24,0.31,Clear,Clear conditions throughout the day.,clear-day,"42111099999,remote"
dehradun,2015-06-27,38.3,23.9,30.2,38.1,23.9,30.9,17.5,49.7,0.6,100,12.5,rain,0,0,32.8,24.1,270.8,997.4,8.4,2,339.7,29.4,10,,2015-06-27T05:17:59,2015-06-27T19:23:30,0.34,Rain,Clear conditions throughout the day with early morning rain.,rain,"42111099999,remote"
dehradun,2015-06-28,39.3,25.1,30.8,39.6,25.1,32.4,19.2,54,6,100,8.33,rain,0,0,22.7,24.5,263.9,1001.2,19.5,2,323.4,28.1,10,,2015-06-28T05:18:18,2015-06-28T19:23:35,0.38,Rain,Clear conditions throughout the day with afternoon rain.,rain,"42111099999,remote"
dehradun,2015-06-29,35.4,20.1,28.7,37.2,20.1,30,20.6,64.4,65,100,8.33,rain,0,0,38.2,14.8,245.5,1006,45.6,3,287.5,24.8,9,,2015-06-29T05:18:38,2015-06-29T19:23:38,0.41,"Rain, Partially cloudy",Partly cloudy throughout the day with early morning rain.,rain,"42111099999,remote"
dehradun,2015-06-30,35,23.9,28.7,37.1,23.9,30.2,21.2,65.9,6.7,100,41.67,rain,0,0,25.9,11.5,222.9,1004.6,34.3,3.3,291.7,25.2,9,,2015-06-30T05:19:00,2015-06-30T19:23:40,0.44,"Rain, Partially cloudy",Partly cloudy throughout the day with rain.,rain,"42111099999,remote"
dehradun,2015-07-01,36.4,23.7,29.6,37.9,23.7,30.9,20.6,61.8,4,100,8.33,rain,0,0,24.1,12.6,265,1003.5,43,3.5,311.3,27.1,9,,2015-07-01T05:19:21,2015-07-01T19:23:40,0.47,"Rain, Partially cloudy",Partly cloudy throughout the day with rain.,rain,"42111099999,remote"
dehradun,2015-07-02,35.8,23.2,29.3,39.7,23.2,30.7,20.6,62.5,10,100,4.17,rain,0,0,27.4,14,263,1003.3,32.9,2,309.1,26.9,9,,2015-07-02T05:19:44,2015-07-02T19:23:39,0.5,"Rain, Partially cloudy",Partly cloudy throughout the day with afternoon rain.,rain,"42111099999,remote"
dehradun,2015-07-03,38.4,23.7,30.5,40.4,23.7,32.2,20.4,58.5,0.2,100,4.17,rain,0,0,33.5,21.2,277.3,1001,22.7,2,313.4,27,9,,2015-07-03T05:20:08,2015-07-03T19:23:37,0.54,"Rain, Partially cloudy",Becoming cloudy in the afternoon with late afternoon rain.,rain,"42111099999,remote"
dehradun,2015-07-04,37.7,25.4,30.6,40.2,25.4,33.4,22.5,65.4,22,100,4.17,rain,0,0,28.4,24.1,270.4,999.2,38.7,2,271.8,23.6,9,,2015-07-04T05:20:33,2015-07-04T19:23:33,0.58,"Rain, Partially cloudy",Partly cloudy throughout the day with late afternoon rain.,rain,"42111099999,remote"
dehradun,2015-07-05,35.3,23.7,29.4,41.1,23.7,33.3,24.1,75.3,86,100,20.83,rain,0,0,31,20.9,270.5,997.8,56.4,1.9,241.5,20.7,8,,2015-07-05T05:20:59,2015-07-05T19:23:28,0.61,"Rain, Partially cloudy",Partly cloudy throughout the day with a chance of rain throughout the day.,rain,"42111099999,remote"
dehradun,2015-07-06,34.2,22.2,28.1,38.5,22.2,31,23.3,77.6,31,100,8.33,rain,0,0,28.4,13.3,227.6,999.2,64.8,2.4,259.9,22.4,9,,2015-07-06T05:21:26,2015-07-06T19:23:21,0.65,"Rain, Partially cloudy",Partly cloudy throughout the day with morning rain.,rain,"42111099999,remote"
dehradun,2015-07-07,31.7,23.9,27.1,36.2,23.9,28.6,23.5,82,14,100,8.33,rain,0,0,25.2,11.9,265,1000.2,45.6,2.6,249.4,21.7,8,,2015-07-07T05:21:53,2015-07-07T19:23:13,0.69,"Rain, Partially cloudy",Partly cloudy throughout the day with afternoon rain.,rain,"42111099999,remote"
dehradun,2015-07-08,32,23.4,27.9,38.5,23.4,30.3,23.4,77.7,2,100,4.17,rain,0,0,31.3,14.8,274.7,1000.9,36.6,3.3,286.3,24.9,9,,2015-07-08T05:22:21,2015-07-08T19:23:04,0.72,"Rain, Partially cloudy",Partly cloudy throughout the day with afternoon rain.,rain,"42111099999,remote"
dehradun,2015-07-09,32.7,25.1,28.3,37.4,25.1,30.8,23.3,75.1,2.3,100,54.17,rain,0,0,23.4,22,255.5,1000.5,39.6,3.5,278.2,24.1,9,,2015-07-09T05:22:50,2015-07-09T19:22:53,0.75,"Rain, Partially cloudy",Partly cloudy throughout the day with a chance of rain throughout the day.,rain,"42111099999,remote"
dehradun,2015-07-10,29.8,22.2,26.5,33.9,22.2,27.9,23.1,82.6,97,100,16.67,rain,0,0,23.4,16.2,171.5,1000.7,63.5,2,206.6,18.1,6,,2015-07-10T05:23:19,2015-07-10T19:22:41,0.79,"Rain, Partially cloudy",Partly cloudy throughout the day with rain.,rain,"42111099999,remote"
dehradun,2015-07-11,29.3,22.1,25.1,33.1,22.1,25.9,22.7,87.6,33,100,20.83,rain,0,0,18.4,14,294.9,1002.2,75,2,188.2,16.3,6,,2015-07-11T05:23:49,2015-07-11T19:22:27,0.83,"Rain, Partially cloudy",Partly cloudy throughout the day with a chance of rain throughout the day.,rain,"42111099999,remote"
dehradun,2015-07-12,31.1,22.1,26.1,35.1,22.1,27.5,22.9,84.2,8,100,8.33,rain,0,0,34.6,12.6,92.5,1001.6,69.8,2.8,191.5,16.5,6,,2015-07-12T05:24:20,2015-07-12T19:22:12,0.86,"Rain, Partially cloudy",Partly cloudy throughout the day with rain in the morning and afternoon.,rain,"42111099999,remote"
dehradun,2015-07-13,30.1,23.1,26.8,35.5,23.1,28.9,24.1,85.9,22,100,4.17,rain,0,0,33.1,10.8,257,1002.2,63.4,3.3,259.4,22.4,8,,2015-07-13T05:24:51,2015-07-13T19:21:55,0.9,"Rain, Partially cloudy",Partly cloudy throughout the day with afternoon rain.,rain,"42111099999,remote"
dehradun,2015-07-14,31.5,24.5,27.6,38.5,24.5,30.7,24.6,84.6,27,100,12.5,rain,0,0,25.6,18.4,272.6,999.9,58.4,2.4,310.1,26.8,9,,2015-07-14T05:25:22,2015-07-14T19:21:37,0.94,"Rain, Partially cloudy",Partly cloudy throughout the day with rain clearing later.,rain,"42111099999,remote"
dehradun,2015-07-15,32.3,24.2,27.9,39.3,24.2,31.2,24.6,83.8,12,100,8.33,rain,0,0,30.6,23,274.3,995.7,56.5,1.4,299.9,25.9,9,,2015-07-15T05:25:55,2015-07-15T19:21:17,0.97,"Rain, Partially cloudy",Partly cloudy throughout the day with rain.,rain,"42111099999,remote"
dehradun,2015-07-16,31.5,24.4,27.6,37.8,24.4,30.5,24.6,84.7,30,100,12.5,rain,0,0,27.7,16.9,252,995.6,72.4,1.3,201.9,17.4,6,,2015-07-16T05:26:27,2015-07-16T19:20:56,0,"Rain, Partially cloudy",Partly cloudy throughout the day with rain.,rain,"42111099999,remote"
dehradun,2015-07-17,30.4,24.2,26.8,35.8,24.2,28.7,24.4,87.2,4,100,8.33,rain,0,0,30.2,13.7,224.8,999,86.3,3.3,218.4,18.9,7,,2015-07-17T05:27:00,2015-07-17T19:20:33,0.04,"Rain, Partially cloudy",Partly cloudy throughout the day with rain in the morning and afternoon.,rain,"42111099999,remote"
dehradun,2015-07-18,30.7,24.8,27.4,37,24.8,30.2,24,82.3,0.3,100,4.17,rain,0,0,23.8,16.2,244.1,999.8,50.8,3,255,21.8,8,,2015-07-18T05:27:34,2015-07-18T19:20:09,0.07,"Rain, Partially cloudy",Partly cloudy throughout the day with afternoon rain.,rain,"42111099999,remote"
dehradun,2015-07-19,32.9,23.4,27.4,38.9,23.4,29.7,23.8,81.8,2.7,100,4.17,rain,0,0,17.6,13.7,263.3,999.8,80.4,3.1,146.1,12.7,5,,2015-07-19T05:28:08,2015-07-19T19:19:44,0.1,"Rain, Partially cloudy",Partly cloudy throughout the day with morning rain.,rain,"42111099999,remote"
dehradun,2015-07-20,29.7,24.9,27.2,34.3,24.9,29.4,23.8,82.3,5,100,4.17,rain,0,0,23.4,11.2,271.5,1000.5,73.6,2.9,172.6,15,6,,2015-07-20T05:28:42,2015-07-20T19:19:17,0.14,"Rain, Partially cloudy",Partly cloudy throughout the day with morning rain.,rain,"42111099999,remote"
dehradun,2015-07-21,31.1,24.7,27.6,37.4,24.7,30.5,24,81,8,100,4.17,rain,0,0,20.2,11.9,258.5,1002,80.5,2.3,233.8,20.2,7,,2015-07-21T05:29:16,2015-07-21T19:18:48,0.17,"Rain, Partially cloudy",Partly cloudy throughout the day with afternoon rain.,rain,"42111099999,remote"
dehradun,2015-07-22,30.1,24.1,26.7,35.8,24.1,28.5,24.4,87.7,16.4,100,8.33,rain,0,0,23,18.4,227.3,1003.5,73.2,2.8,229.4,19.8,7,,2015-07-22T05:29:51,2015-07-22T19:18:19,0.2,"Rain, Partially cloudy",Partly cloudy throughout the day with morning rain.,rain,"42111099999,remote"
dehradun,2015-07-23,30.8,23.7,27,37.3,23.7,29.3,24.1,84.5,9.6,100,8.33,rain,0,0,16.9,13.7,191.1,1004.5,76.6,3.3,201.8,17.4,8,,2015-07-23T05:30:26,2015-07-23T19:17:47,0.23,"Rain, Partially cloudy",Partly cloudy throughout the day with rain.,rain,"42111099999,remote"
dehradun,2015-07-24,30.2,24.5,27.1,35.7,24.5,29.3,24,83.5,0.3,100,12.5,rain,0,0,23.8,16.9,202,1003.7,73.5,3.3,248.5,21.5,8,,2015-07-24T05:31:02,2015-07-24T19:17:15,0.25,"Rain, Partially cloudy",Partly cloudy throughout the day with rain clearing later.,rain,"42111099999,remote"
dehradun,2015-07-25,31.7,23.7,27.6,40.6,23.7,30.3,24.3,82.8,27,100,8.33,rain,0,0,20.2,16.2,183.9,1001.5,62,3,263.8,22.6,8,,2015-07-25T05:31:37,2015-07-25T19:16:41,0.3,"Rain, Partially cloudy",Partly cloudy throughout the day with rain.,rain,"42111099999,remote"
dehradun,2015-07-26,34.1,23.2,27.3,46,23.2,30,24.1,83.1,49,100,8.33,rain,0,0,37.1,15.5,155.4,1001.5,47.1,3.5,306.1,26.7,9,,2015-07-26T05:32:13,2015-07-26T19:16:06,0.33,"Rain, Partially cloudy",Becoming cloudy in the afternoon with rain.,rain,"42111099999,remote"
dehradun,2015-07-27,32.2,23.4,27.2,39.9,23.4,29.6,24,83.8,28,100,8.33,rain,0,0,29.5,14.4,152.7,1002.1,36.6,2.8,325.5,28,10,,2015-07-27T05:32:49,2015-07-27T19:15:29,0.36,"Rain, Partially cloudy",Partly cloudy throughout the day with late afternoon rain.,rain,"42111099999,remote"
dehradun,2015-07-28,31.9,24,27,38.8,24,29,23.7,82.9,4.2,100,25,rain,0,0,30.6,15.5,186.4,1002.2,46.3,2,280.9,24.3,9,,2015-07-28T05:33:25,2015-07-28T19:14:51,0.4,"Rain, Partially cloudy",Partly cloudy throughout the day with rain clearing later.,rain,"42111099999,remote"
dehradun,2015-07-29,31.2,22.7,26.9,37.8,22.7,29,23,80.1,0,0,0,,0,0,34.2,17.3,150.4,1000.1,41.4,3.8,322.5,27.9,10,,2015-07-29T05:34:01,2015-07-29T19:14:12,0.43,Partially cloudy,Partly cloudy throughout the day.,partly-cloudy-day,"42111099999,remote"
dehradun,2015-07-30,31.1,23.8,27.3,36.6,23.8,29.8,23.7,81.3,0.1,100,4.17,rain,0,0,33.5,16.9,174.6,1000.3,59.1,3,312.5,27,10,,2015-07-30T05:34:38,2015-07-30T19:13:31,0.46,"Rain, Partially cloudy",Partly cloudy throughout the day with afternoon rain.,rain,"42111099999,remote"
dehradun,2015-07-31,30,23.7,26.6,35.8,23.7,28.3,23.8,85.7,26.9,100,12.5,rain,0,0,24.5,14.4,216.5,1000.8,72.8,2,301.6,26.1,9,,2015-07-31T05:35:14,2015-07-31T19:12:49,0.5,"Rain, Partially cloudy",Partly cloudy throughout the day with rain.,rain,"42111099999,remote"
dehradun,2015-08-01,30,23.1,26,34.7,23.1,27.2,23.5,86.9,51.2,100,16.67,rain,0,0,20.9,13.3,207.1,1003.7,81.6,2.5,281.5,24.3,9,,2015-08-01T05:35:50,2015-08-01T19:12:06,0.53,"Rain, Partially cloudy",Partly cloudy throughout the day with rain clearing later.,rain,"42111099999,remote"
dehradun,2015-08-02,29.7,23.7,26.1,33.4,23.7,27.1,23,84.1,0.5,100,4.17,rain,0,0,21.6,9,187.5,1005.7,81.1,2.5,218.8,18.8,7,,2015-08-02T05:36:27,2015-08-02T19:11:22,0.56,"Rain, Partially cloudy",Partly cloudy throughout the day with afternoon rain.,rain,"42111099999,remote"
dehradun,2015-08-03,31.9,23.2,27.3,48.4,23.2,30.1,23.6,80.6,0,0,0,,0,0,22,12.2,259.7,1003.4,61.8,3.3,272.7,23.5,9,,2015-08-03T05:37:03,2015-08-03T19:10:36,0.6,Partially cloudy,Partly cloudy throughout the day.,partly-cloudy-day,"42111099999,remote"
dehradun,2015-08-04,32.1,24.7,27.8,40.8,24.7,30.8,23.9,79.7,0.2,100,4.17,rain,0,0,24.8,14.8,253.7,1002.1,53.7,2,276.2,23.8,9,,2015-08-04T05:37:40,2015-08-04T19:09:49,0.63,"Rain, Partially cloudy",Becoming cloudy in the afternoon with late afternoon rain.,rain,"42111099999,remote"
dehradun,2015-08-05,31.6,25,27.6,38,25,30.1,24,81.2,0.9,100,25,rain,0,0,21.6,15.8,215.8,1001,68.7,2.3,284.4,24.5,9,,2015-08-05T05:38:16,2015-08-05T19:09:01,0.67,"Rain, Partially cloudy",Partly cloudy throughout the day with rain in the morning and afternoon.,rain,"42111099999,remote"
dehradun,2015-08-06,31,24.2,27.1,37.6,24.2,29.3,24,83.8,53.8,100,25,rain,0,0,18.7,16.2,220.7,1000.2,88,2.5,230.8,19.8,7,,2015-08-06T05:38:53,2015-08-06T19:08:12,0.71,"Rain, Partially cloudy",Partly cloudy throughout the day with rain.,rain,"42111099999,remote"
dehradun,2015-08-07,28.1,23.9,25.3,32.4,23.9,26.1,24,92.3,25,100,25,rain,0,0,18.4,15.1,157.7,1001.8,95.9,1.9,115.1,9.9,5,,2015-08-07T05:39:29,2015-08-07T19:07:22,0.75,"Rain, Overcast",Cloudy skies throughout the day with a chance of rain throughout the day.,rain,"42111099999,remote"
dehradun,2015-08-08,28.9,23.1,25.6,34.2,23.1,26.7,24.2,92.5,87,100,20.83,rain,0,0,25.6,17.3,215.2,1004.2,92.9,2,162.1,14,5,,2015-08-08T05:40:06,2015-08-08T19:06:31,0.78,"Rain, Overcast",Cloudy skies throughout the day with a chance of rain throughout the day.,rain,"42111099999,remote"
dehradun,2015-08-09,28.4,23.4,25.9,32.9,23.4,27.3,24.3,91.1,8,100,4.17,rain,0,0,23.4,10.8,213.4,1001.6,80,2.6,133.3,11.5,5,,2015-08-09T05:40:42,2015-08-09T19:05:38,0.81,"Rain, Partially cloudy",Partly cloudy throughout the day with afternoon rain.,rain,"42111099999,remote"
dehradun,2015-08-10,31.4,24.2,27.6,37.8,24.2,30.5,24.4,83.5,4,100,4.17,rain,0,0,23.4,13.7,235.4,1001.6,73.4,2.3,255.3,22,8,,2015-08-10T05:41:18,2015-08-10T19:04:45,0.85,"Rain, Partially cloudy",Partly cloudy throughout the day with afternoon rain.,rain,"42111099999,remote"
dehradun,2015-08-11,31.3,24.4,27.6,37.2,24.4,30.2,24,81.8,18,100,4.17,rain,0,0,22.3,15.1,203.1,1004.5,71,2,234.7,20.3,8,,2015-08-11T05:41:54,2015-08-11T19:03:50,0.88,"Rain, Partially cloudy",Partly cloudy throughout the day with afternoon rain.,rain,"42111099999,remote"
dehradun,2015-08-12,31.9,23.9,27.1,38.1,23.9,29.5,24.3,85.4,4.8,100,45.83,rain,0,0,20.9,11.2,198.2,1005.5,69.8,2.8,222.7,19.3,7,,2015-08-12T05:42:30,2015-08-12T19:02:54,0.92,"Rain, Partially cloudy",Partly cloudy throughout the day with a chance of rain throughout the day.,rain,"42111099999,remote"
dehradun,2015-08-13,30.9,24.4,27.5,38.1,24.4,30.5,24.3,82.9,21,100,8.33,rain,0,0,24.5,10.4,212.3,1004.5,49.7,2,291.8,25.3,9,,2015-08-13T05:43:06,2015-08-13T19:01:58,0.95,"Rain, Partially cloudy",Partly cloudy throughout the day with rain.,rain,"42111099999,remote"
dehradun,2015-08-14,31.2,23.1,27.6,37.5,23.1,30.6,24.3,82.5,1.8,100,25,rain,0,0,22,15.5,230.8,1003.6,51.4,2.8,241.9,21,8,,2015-08-14T05:43:42,2015-08-14T19:01:00,0,"Rain, Partially cloudy",Partly cloudy throughout the day with rain clearing later.,rain,"42111099999,remote"
dehradun,2015-08-15,30.7,24.1,27.5,37.7,24.1,30.5,24.6,84.6,31,100,4.17,rain,0,0,21.6,16.2,220.5,1004.1,64.4,2,212.9,18.5,7,,2015-08-15T05:44:18,2015-08-15T19:00:01,0.02,"Rain, Partially cloudy",Partly cloudy throughout the day with late afternoon rain.,rain,"42111099999,remote"
dehradun,2015-08-16,29.9,23.7,26.6,35.6,23.7,28.5,24.3,87.8,16,100,8.33,rain,0,0,20.5,12.2,254.9,1004.3,71.3,2.5,181.5,15.6,6,,2015-08-16T05:44:53,2015-08-16T18:59:02,0.05,"Rain, Partially cloudy",Partly cloudy throughout the day with rain.,rain,"42111099999,remote"
dehradun,2015-08-17,31.7,23.7,26.8,39.2,23.7,29.1,24.1,85.5,30,100,4.17,rain,0,0,23.8,18.4,250.3,1002.8,49,3,260.4,22.6,8,,2015-08-17T05:45:29,2015-08-17T18:58:01,0.09,"Rain, Partially cloudy",Partly cloudy throughout the day with late afternoon rain.,rain,"42111099999,remote"
dehradun,2015-08-18,31,23.5,26.9,37.4,23.5,29.3,24,84.9,3,100,4.17,rain,0,0,29.2,21.2,261,1003.3,33,2,294.7,25.7,9,,2015-08-18T05:46:04,2015-08-18T18:57:00,0.12,"Rain, Partially cloudy",Partly cloudy throughout the day with early morning rain.,rain,"42111099999,remote"
dehradun,2015-08-19,30.4,23.3,26.3,36,23.3,27.9,23.6,86.2,55,100,16.67,rain,0,0,30.2,22.7,274.4,1003.6,39.4,2,275.4,23.9,9,,2015-08-19T05:46:40,2015-08-19T18:55:58,0.15,"Rain, Partially cloudy",Partly cloudy throughout the day with rain.,rain,"42111099999,remote"
dehradun,2015-08-20,29.6,22.9,25.8,34.7,22.9,27.1,23.8,89.1,97,100,12.5,rain,0,0,28.8,20.2,269.1,1002.6,53.8,2,244.1,21.2,8,,2015-08-20T05:47:15,2015-08-20T18:54:55,0.19,"Rain, Partially cloudy",Partly cloudy throughout the day with rain.,rain,"42111099999,remote"
dehradun,2015-08-21,29.8,22.9,25.8,34.8,22.9,27.2,23.5,88.1,13,100,8.33,rain,0,0,26.6,15.1,266.5,1003.2,51,2.7,240.8,20.9,8,,2015-08-21T05:47:50,2015-08-21T18:53:51,0.22,"Rain, Partially cloudy",Partly cloudy throughout the day with rain.,rain,"42111099999,remote"
dehradun,2015-08-22,29.4,22.4,25.3,34.3,22.4,26.5,23,87.7,33,100,4.17,rain,0,0,26.3,18.4,263.6,1002.3,34.8,2,269.8,23.1,9,,2015-08-22T05:48:24,2015-08-22T18:52:46,0.25,"Rain, Partially cloudy",Partly cloudy throughout the day with afternoon rain.,rain,"42111099999,remote"
dehradun,2015-08-23,29.3,22.1,25.4,33.7,22.1,26.8,22.9,86.8,40,100,8.33,rain,0,0,25.9,19.4,260.5,1002.6,23.8,2,277.2,24,9,,2015-08-23T05:48:59,2015-08-23T18:51:41,0.25,"Rain, Partially cloudy",Partly cloudy throughout the day with rain.,rain,"42111099999,remote"
dehradun,2015-08-24,30.1,22.7,25.9,35.1,22.7,27.7,23.3,86.2,0.2,100,4.17,rain,0,0,30.6,22,264.8,1003.1,28.2,2.3,280.2,24.3,9,,2015-08-24T05:49:34,2015-08-24T18:50:35,0.32,"Rain, Partially cloudy",Partly cloudy throughout the day with late afternoon rain.,rain,"42111099999,remote"
dehradun,2015-08-25,31.1,22.5,26.4,36.2,22.5,28.5,23.2,83.6,0,0,0,,0,0,32,21.2,272.9,1001.7,25.6,2.5,295.2,25.4,9,,2015-08-25T05:50:08,2015-08-25T18:49:28,0.35,Partially cloudy,Partly cloudy throughout the day.,partly-cloudy-day,"42111099999,remote"
dehradun,2015-08-26,32.4,22.5,27.1,40.9,22.5,29.8,23.7,82.9,0.3,100,12.5,rain,0,0,24.8,18.4,273.3,1002,28.2,2,288.8,25,9,,2015-08-26T05:50:42,2015-08-26T18:48:21,0.38,"Rain, Partially cloudy",Partly cloudy throughout the day with afternoon rain.,rain,"42111099999,remote"
dehradun,2015-08-27,30.9,23.1,27.1,38,23.1,29.6,23.5,81.5,6,100,8.33,rain,0,0,23.4,15.5,263,1003.4,27.5,2,283.2,24.6,9,,2015-08-27T05:51:16,2015-08-27T18:47:13,0.42,"Rain, Partially cloudy",Partly cloudy throughout the day with late afternoon rain.,rain,"42111099999,remote"
dehradun,2015-08-28,30.4,23.1,26.7,35.2,23.1,28.5,23,81.5,5,100,4.17,rain,0,0,20.9,16.9,267.3,1004.4,24.2,2,285.8,24.8,9,,2015-08-28T05:51:50,2015-08-28T18:46:04,0.45,"Rain, Partially cloudy",Partly cloudy throughout the day with early morning rain.,rain,"42111099999,remote"
dehradun,2015-08-29,31.1,23.8,26.9,38,23.8,28.8,23.1,80.1,6,100,8.33,rain,0,0,24.8,17.3,281.8,1002.7,23.2,2,295.8,25.7,9,,2015-08-29T05:52:24,2015-08-29T18:44:55,0.48,"Rain, Partially cloudy",Partly cloudy throughout the day with afternoon rain.,rain,"42111099999,remote"
dehradun,2015-08-30,30.8,22.9,26.6,36.4,22.9,28.8,23.3,82.9,26,100,12.5,rain,0,0,29.5,21.2,273.8,1002.6,13,2,286.8,24.8,9,,2015-08-30T05:52:58,2015-08-30T18:43:45,0.5,Rain,Clear conditions throughout the day with rain.,rain,"42111099999,remote"
dehradun,2015-08-31,32.4,22.4,26,38.6,22.4,27.4,22.4,81.4,1,100,4.17,rain,0,0,35.6,21.2,279.8,1002.6,21.7,2,289.9,25.1,9,,2015-08-31T05:53:32,2015-08-31T18:42:34,0.55,"Rain, Partially cloudy",Becoming cloudy in the afternoon with afternoon rain.,rain,"42111099999,remote"
dehradun,2015-09-01,31.7,20.6,25.8,35.2,20.6,27,21.1,76.2,2,100,4.17,rain,0,0,35.3,20.2,284.9,1001.6,16.7,2,285.7,24.8,9,,2015-09-01T05:54:05,2015-09-01T18:41:23,0.59,Rain,Clear conditions throughout the day with late afternoon rain.,rain,"42111099999,remote"
dehradun,2015-09-02,30.7,21.9,25.7,34.3,21.9,26.8,21,76.1,26,100,8.33,rain,0,0,32,18.4,265.1,1002.2,19.6,2,278.3,24,9,,2015-09-02T05:54:39,2015-09-02T18:40:12,0.62,Rain,Clear conditions throughout the day with late afternoon rain.,rain,"42111099999,remote"
dehradun,2015-09-03,30.4,21.9,25.9,35.3,21.9,27.1,20.9,74.8,0.4,100,4.17,rain,0,0,28.1,13.3,248.5,1005.6,15.7,2,267.4,23.1,9,,2015-09-03T05:55:12,2015-09-03T18:39:00,0.65,Rain,Clear conditions throughout the day with afternoon rain.,rain,"42111099999,remote"
dehradun,2015-09-04,30.9,22.1,25.9,35.1,22.1,26.7,20.7,73.9,0,0,0,,0,0,31,16.6,272.3,1008.8,20.2,2,274.3,23.6,9,,2015-09-04T05:55:45,2015-09-04T18:37:47,0.69,Partially cloudy,Becoming cloudy in the afternoon.,partly-cloudy-day,"42111099999,remote"
dehradun,2015-09-05,31.1,22.7,25.7,34.5,22.7,26.4,20.1,72.3,0,0,0,,0,0,36.4,20.2,282.9,1007.9,25.1,2,278.2,24.1,9,,2015-09-05T05:56:18,2015-09-05T18:36:35,0.75,Partially cloudy,Partly cloudy throughout the day.,partly-cloudy-day,"42111099999,remote"
dehradun,2015-09-06,30.7,22.1,25.6,34.2,22.1,26.3,19.8,71.3,0,0,0,,0,0,39.6,20.2,292.8,1006.8,16.3,2,281.9,24.3,9,,2015-09-06T05:56:52,2015-09-06T18:35:21,0.76,Clear,Clear conditions throughout the day.,clear-day,"42111099999,remote"
dehradun,2015-09-07,30.1,21.6,25.7,33.9,21.6,26.4,19.3,68.8,0,0,0,,0,0,34.6,20.9,288.2,1006.5,9.7,2,286,24.7,9,,2015-09-07T05:57:25,2015-09-07T18:34:08,0.79,Clear,Clear conditions throughout the day.,clear-day,"42111099999,remote"
dehradun,2015-09-08,32.1,21.7,25.7,34.3,21.7,26.6,19.7,70.5,0,0,0,,0,0,34.9,20.2,286.4,1006,2.9,2.3,289.2,24.9,9,,2015-09-08T05:57:58,2015-09-08T18:32:54,0.83,Clear,Clear conditions throughout the day.,clear-day,"42111099999,remote"
dehradun,2015-09-09,33.1,22.3,26.1,36.1,22.3,27.3,20.2,70.6,0,0,0,,0,0,33.5,18.4,288.1,1005.8,2.9,2.3,289.3,25,9,,2015-09-09T05:58:31,2015-09-09T18:31:40,0.86,Clear,Clear conditions throughout the day.,clear-day,"42111099999,remote"
dehradun,2015-09-10,31.2,22.2,26.3,35.3,22.2,27.3,20,69.4,0,0,0,,0,0,30.6,16.9,292.1,1007.6,5.7,3.5,287.7,24.9,9,,2015-09-10T05:59:03,2015-09-10T18:30:25,0.9,Clear,Clear conditions throughout the day.,clear-day,"42111099999,remote"
dehradun,2015-09-11,32.4,21.9,26.7,36.1,21.9,27.8,19.4,65.2,0,0,0,,0,0,23.4,12.6,292.7,1007.7,9.7,3.8,286.2,24.6,9,,2015-09-11T05:59:36,2015-09-11T18:29:11,0.93,Clear,Clear conditions throughout the day.,clear-day,"42111099999,remote"
dehradun,2015-09-12,32.4,20.9,26.8,36.4,20.9,28,19.9,67.1,0,0,0,,0,0,23,13.3,269.8,1008.1,17.5,2.5,281.2,24.2,9,,2015-09-12T06:00:09,2015-09-12T18:27:56,0.97,Clear,Clear conditions throughout the day.,clear-day,"42111099999,remote"
dehradun,2015-09-13,30.1,21.2,26.4,34.1,21.2,27.3,19.7,67.7,0,0,0,,0,0,25.6,12.6,251.1,1008.3,18.6,2,275.9,23.9,9,,2015-09-13T06:00:42,2015-09-13T18:26:41,0,Clear,Clear conditions throughout the day.,clear-day,"42111099999,remote"
dehradun,2015-09-14,31.1,22.6,26.8,36,22.6,28.1,19.4,64.9,0,0,0,,0,0,21.2,12.6,275,1005.9,17.7,2,264,22.7,9,,2015-09-14T06:01:15,2015-09-14T18:25:25,0.03,Clear,Clear conditions throughout the day.,clear-day,"42111099999,remote"
dehradun,2015-09-15,31.5,22.6,26.8,37,22.6,27.7,20.4,70,9,100,8.33,rain,0,0,23.4,10.8,318.7,1005.7,25.6,2,255.2,22.1,9,,2015-09-15T06:01:48,2015-09-15T18:24:10,0.07,"Rain, Partially cloudy",Partly cloudy throughout the day with afternoon rain.,rain,"42111099999,remote"
dehradun,2015-09-16,31.2,23.2,26.9,37.6,23.2,28.1,20.4,68.6,1.6,100,8.33,rain,0,0,23,12.2,291.9,1006,27.6,2.3,237.8,20.4,8,,2015-09-16T06:02:21,2015-09-16T18:22:54,0.1,"Rain, Partially cloudy",Partly cloudy throughout the day with early morning rain.,rain,"42111099999,remote"
dehradun,2015-09-17,32.1,21.1,26.9,37.8,21.1,28.1,20.3,68.8,0,0,0,,0,0,22.3,9.7,295.3,1006.5,9,2.5,257.4,22.3,9,,2015-09-17T06:02:54,2015-09-17T18:21:38,0.13,Clear,Clear conditions throughout the day.,clear-day,"42111099999,remote"
dehradun,2015-09-18,32.5,21.8,26.5,34.1,21.8,27.5,20.5,71.3,0.4,100,4.17,rain,0,0,23,9.4,82.7,1007.4,34.7,2,230.5,19.9,7,,2015-09-18T06:03:27,2015-09-18T18:20:23,0.17,"Rain, Partially cloudy",Partly cloudy throughout the day with afternoon rain.,rain,"42111099999,remote"
dehradun,2015-09-19,31.7,21.7,26.1,36.5,21.7,27.6,22.1,80,17.6,100,8.33,rain,0,0,19.1,9.7,0.7,1006.4,50.7,3.5,231.5,20,8,,2015-09-19T06:04:00,2015-09-19T18:19:07,0.2,"Rain, Partially cloudy",Partly cloudy throughout the day with rain clearing later.,rain,"42111099999,remote"
dehradun,2015-09-20,31.5,22.4,26.8,36.8,22.4,28.6,22.8,79.6,2,100,4.17,rain,0,0,23.4,11.2,345.7,1005,39.6,3.3,237.8,20.6,8,,2015-09-20T06:04:33,2015-09-20T18:17:51,0.24,"Rain, Partially cloudy",Partly cloudy throughout the day with afternoon rain.,rain,"42111099999,remote"
dehradun,2015-09-21,31.2,21.2,26.9,36,21.2,28.8,22.3,76.9,0.7,100,20.83,rain,0,0,23,11.5,280.7,1004.5,58,3,249,21.4,8,,2015-09-21T06:05:06,2015-09-21T18:16:35,0.25,"Rain, Partially cloudy",Partly cloudy throughout the day with rain clearing later.,rain,"42111099999,remote"
dehradun,2015-09-22,29.7,23.1,26.5,34.5,23.1,28.4,23.1,82.1,0.7,100,4.17,rain,0,0,34.9,15.5,159.3,1004.3,52.3,2,211.4,18.3,7,,2015-09-22T06:05:39,2015-09-22T18:15:19,0.3,"Rain, Partially cloudy",Partly cloudy throughout the day with late afternoon rain.,rain,"42111099999,remote"
dehradun,2015-09-23,28.1,21.8,24.6,31.1,21.8,25.2,22,86.1,15.3,100,8.33,rain,0,0,27,17.3,268.2,1007,38.2,2.5,243.3,20.9,8,,2015-09-23T06:06:13,2015-09-23T18:14:04,0.34,"Rain, Partially cloudy",Partly cloudy throughout the day with early morning rain.,rain,"42111099999,remote"
dehradun,2015-09-24,28.7,18.6,23.7,31,18.6,24.1,20,80.9,0,0,0,,0,0,34.2,20.9,287.5,1005.3,29.1,2,259.4,22.3,9,,2015-09-24T06:06:47,2015-09-24T18:12:48,0.37,Partially cloudy,Partly cloudy throughout the day.,partly-cloudy-day,"42111099999,remote"
dehradun,2015-09-25,28.7,19.1,23.7,30.6,19.1,24.1,18.5,74,0,0,0,,0,0,27.4,16.6,286.8,1004.5,16.2,2.6,243.6,21.2,8,,2015-09-25T06:07:20,2015-09-25T18:11:33,0.4,Clear,Clear conditions throughout the day.,clear-day,"42111099999,remote"
dehradun,2015-09-26,30.1,20.1,24.5,32.4,20.1,24.9,18.6,70.9,0.1,100,4.17,rain,0,0,24.8,12.6,286.5,1006,10.8,2.5,243.6,21.1,8,,2015-09-26T06:07:54,2015-09-26T18:10:17,0.44,Rain,Clear conditions throughout the day with morning rain.,rain,"42111099999,remote"
dehradun,2015-09-27,30.9,20.4,24.9,33.8,20.4,25.4,18.3,67.8,0,0,0,,0,0,26.6,11.5,287.8,1008,5.3,3,253.3,21.9,8,,2015-09-27T06:08:28,2015-09-27T18:09:02,0.47,Clear,Clear conditions throughout the day.,clear-day,"42111099999,remote"
dehradun,2015-09-28,30.9,19.9,24.6,34.1,19.9,25.1,17.8,67.3,0,0,0,,0,0,23.8,15.5,298.2,1009.2,4.6,2.8,259.9,22.4,9,,2015-09-28T06:09:02,2015-09-28T18:07:47,0.5,Clear,Clear conditions throughout the day.,clear-day,"42111099999,remote"
dehradun,2015-09-29,32.2,19.7,25,34.8,19.7,25.4,17.9,66.3,0,0,0,,0,0,24.1,12.2,296,1010.8,4.6,3.5,259.2,22.4,9,,2015-09-29T06:09:37,2015-09-29T18:06:32,0.54,Clear,Clear conditions throughout the day.,clear-day,"42111099999,remote"
dehradun,2015-09-30,33.4,20.4,25.4,36.2,20.4,25.9,17.6,62.8,0,0,0,,0,0,23,9.4,283.3,1012,0.8,3.7,262.8,22.8,9,,2015-09-30T06:10:11,2015-09-30T18:05:18,0.57,Clear,Clear conditions throughout the day.,clear-day,"42111099999,remote"
dehradun,2015-10-01,32.7,19.9,25.6,34.4,19.9,26,17.2,61.1,0,0,0,,0,0,22.7,9.7,262.5,1012.6,8.3,4,260.7,22.6,9,,2015-10-01T06:10:46,2015-10-01T18:04:04,0.61,Clear,Clear conditions throughout the day.,clear-day,"42111099999,remote"
dehradun,2015-10-02,32.1,20.4,25.4,34.5,20.4,25.5,16.1,58.3,0,0,0,,0,0,25.9,16.2,289.4,1011.8,3.3,4,260,22.4,9,,2015-10-02T06:11:21,2015-10-02T18:02:50,0.64,Clear,Clear conditions throughout the day.,clear-day,"42111099999,remote"
dehradun,2015-10-03,31,19.9,25.1,32.7,19.9,25.3,16,58.5,0,0,0,,0,0,27.7,17.3,282.9,1009.3,4.2,3.3,253,21.9,9,,2015-10-03T06:11:57,2015-10-03T18:01:36,0.67,Clear,Clear conditions throughout the day.,clear-day,"42111099999,remote"
dehradun,2015-10-04,31.6,18.9,24.8,33.2,18.9,24.8,16.1,61.1,0,0,0,,0,0,24.8,10.4,56,1010.5,1.3,2,244.4,21.1,8,,2015-10-04T06:12:32,2015-10-04T18:00:23,0.71,Clear,Clear conditions throughout the day.,clear-day,"42111099999,remote"
dehradun,2015-10-05,32.2,18.9,24.9,31.6,18.9,24.8,15.3,57.6,0,0,0,,0,0,22.3,11.5,14,1011.4,2,2,244.8,21.2,8,,2015-10-05T06:13:08,2015-10-05T17:59:11,0.75,Clear,Clear conditions throughout the day.,clear-day,"42111099999,remote"
dehradun,2015-10-06,31.4,19.4,24.7,33.2,19.4,24.8,15.5,58.2,0,0,0,,0,0,25.9,10.8,339.6,1010,2.1,2.5,247,21.4,8,,2015-10-06T06:13:44,2015-10-06T17:57:58,0.77,Clear,Clear conditions throughout the day.,clear-day,"42111099999,remote"
dehradun,2015-10-07,31.8,19.4,25.3,32.1,19.4,25.3,15.6,56.9,0,0,0,,0,0,24.5,13.3,311.4,1010,5.1,4,245.5,21.2,8,,2015-10-07T06:14:21,2015-10-07T17:56:47,0.81,Clear,Clear conditions throughout the day.,clear-day,"42111099999,remote"
dehradun,2015-10-08,31.7,18.7,25.2,32.1,18.7,25.3,16,58.4,0,0,0,,0,0,26.3,13.7,271.1,1008.7,0.4,3.5,241.5,20.8,8,,2015-10-08T06:14:57,2015-10-08T17:55:35,0.84,Clear,Clear conditions throughout the day.,clear-day,"42111099999,remote"
dehradun,2015-10-09,31.3,19.4,25.1,31.8,19.4,25.1,15.3,56.3,0,0,0,,0,0,29.5,17.6,286.1,1005.6,2.2,2.9,234.8,20.2,8,,2015-10-09T06:15:34,2015-10-09T17:54:24,0.87,Clear,Clear conditions throughout the day.,clear-day,"42111099999,remote"
dehradun,2015-10-10,31.9,19.2,25,33.5,19.2,25,15.2,56.4,0,0,0,,0,0,22.7,13.3,53.4,1005.8,1.2,2.3,229.5,19.8,8,,2015-10-10T06:16:12,2015-10-10T17:53:14,0.91,Clear,Clear conditions throughout the day.,clear-day,"42111099999,remote"
dehradun,2015-10-11,31.8,19.4,24.9,32,19.4,24.9,15.3,57.5,0,0,0,,0,0,22.3,10.4,68,1009.5,3.5,2.5,227,19.5,8,,2015-10-11T06:16:50,2015-10-11T17:52:05,0.94,Clear,Clear conditions throughout the day.,clear-day,"42111099999,remote"
dehradun,2015-10-12,31,19.7,24.8,31.8,19.7,25,16.9,63.4,0.8,100,4.17,rain,0,0,28.4,10.8,99.3,1012.2,24.5,2,206.8,17.8,7,,2015-10-12T06:17:28,2015-10-12T17:50:55,0.98,"Rain, Partially cloudy",Partly cloudy throughout the day with afternoon rain.,rain,"42111099999,remote"
dehradun,2015-10-13,29,20.3,24.2,29.6,20.3,24.3,18.4,71.8,12.2,100,8.33,rain,0,0,25.6,11.5,130.3,1013.4,38.7,2,172.8,14.9,6,,2015-10-13T06:18:06,2015-10-13T17:49:47,0,"Rain, Partially cloudy",Partly cloudy throughout the day with rain clearing later.,rain,"42111099999,remote"
dehradun,2015-10-14,28.4,17.9,23,29.9,17.9,23.3,17.9,74.5,12,100,4.17,rain,0,0,21.6,9,98,1015.3,25.4,2,175.2,15.1,6,,2015-10-14T06:18:45,2015-10-14T17:48:39,0.04,"Rain, Partially cloudy",Partly cloudy throughout the day with afternoon rain.,rain,"42111099999,remote"
dehradun,2015-10-15,28.9,15.7,23.1,30.2,15.7,23.2,17.3,71.4,0.1,100,4.17,rain,0,0,23.8,10.4,350.4,1015.8,18.5,2.6,172.5,14.7,6,,2015-10-15T06:19:24,2015-10-15T17:47:32,0.08,Rain,Clear conditions throughout the day with morning rain.,rain,"42111099999,remote"
dehradun,2015-10-16,29.3,18.1,23.2,29.5,18.1,23.3,16.9,69.4,0,0,0,,0,0,20.9,12.2,296.4,1015.6,12.8,2.3,207.4,17.8,7,,2015-10-16T06:20:03,2015-10-16T17:46:26,0.11,Clear,Clear conditions throughout the day.,clear-day,"42111099999,remote"
dehradun,2015-10-17,29.6,18.1,23.6,29.3,18.1,23.6,15.7,62.6,0,0,0,,0,0,22,11.9,288.6,1013.8,8.8,2.3,210.8,18.2,7,,2015-10-17T06:20:43,2015-10-17T17:45:20,0.15,Clear,Clear conditions throughout the day.,clear-day,"42111099999,remote"
dehradun,2015-10-18,30.2,19.1,23.9,29.6,19.1,23.9,15.3,60.5,0,0,0,,0,0,20.9,9,321,1014.6,27.9,2.3,198.8,17.1,7,,2015-10-18T06:21:24,2015-10-18T17:44:16,0.18,Partially cloudy,Partly cloudy throughout the day.,partly-cloudy-day,"42111099999,remote"
dehradun,2015-10-19,30.6,18.9,24,30.1,18.9,23.9,15.3,60.4,0,0,0,,0,0,27,14.4,299,1013.8,33.4,2,201.2,17.4,7,,2015-10-19T06:22:04,2015-10-19T17:43:12,0.22,Partially cloudy,Partly cloudy throughout the day.,partly-cloudy-day,"42111099999,remote"
dehradun,2015-10-20,31.5,17.7,24.3,30.5,17.7,24.1,14.2,55.2,0,0,0,,0,0,23.8,14,297.2,1010.9,21.1,2.8,203.1,17.5,7,,2015-10-20T06:22:45,2015-10-20T17:42:09,0.25,Partially cloudy,Partly cloudy throughout the day.,partly-cloudy-day,"42111099999,remote"
dehradun,2015-10-21,29.7,16.7,22.8,28.4,16.7,22.5,11.8,52.4,0,0,0,,0,0,26.6,11.2,316.8,1012,35.1,4,205.8,17.7,7,,2015-10-21T06:23:27,2015-10-21T17:41:07,0.25,Partially cloudy,Partly cloudy throughout the day.,partly-cloudy-day,"42111099999,remote"
dehradun,2015-10-22,29.3,14.9,21.8,28.3,14.9,21.6,10.2,49.7,0,0,0,,0,0,27.4,13.3,297.7,1012.7,0.4,4,218.3,18.7,8,,2015-10-22T06:24:09,2015-10-22T17:40:05,0.32,Clear,Clear conditions throughout the day.,clear-day,"42111099999,remote"
dehradun,2015-10-23,29.5,15.4,22,29,15.4,21.8,10.4,50.4,0,0,0,,0,0,27,13.7,297.8,1012.3,16.1,3,222.3,19.2,8,,2015-10-23T06:24:51,2015-10-23T17:39:05,0.35,Clear,Clear conditions throughout the day.,clear-day,"42111099999,remote"
dehradun,2015-10-24,29.3,17.1,22.8,28.2,17.1,22.5,10.2,48.1,0,0,0,,0,0,20.2,9,351.8,1012.3,45.7,3.3,208.2,17.9,8,,2015-10-24T06:25:34,2015-10-24T17:38:06,0.39,Partially cloudy,Partly cloudy throughout the day.,partly-cloudy-day,"42111099999,remote"
dehradun,2015-10-25,29.9,16.4,22.7,28.3,16.4,22.4,9.7,46.7,0,0,0,,0,0,23.4,10.1,109.2,1015,10.9,2.3,200.3,17.1,7,,2015-10-25T06:26:17,2015-10-25T17:37:07,0.42,Clear,Clear conditions throughout the day.,clear-day,"42111099999,remote"
dehradun,2015-10-26,29.9,16.1,21.3,28.4,16.1,21.1,10.4,52.8,2,100,4.17,rain,0,0,24.5,12.2,5,1016.1,7.7,3,192.9,16.7,7,,2015-10-26T06:27:01,2015-10-26T17:36:10,0.46,Rain,Clear conditions throughout the day with morning rain.,rain,"42111099999,remote"
dehradun,2015-10-27,28.7,15.1,20.8,27.5,15.1,20.6,10,52.3,1.2,100,8.33,rain,0,0,24.5,13,309.1,1015.2,1.7,3.8,207.1,18,8,,2015-10-27T06:27:45,2015-10-27T17:35:14,0.5,Rain,Clear conditions throughout the day with early morning rain.,rain,"42111099999,remote"
dehradun,2015-10-28,28.2,15.4,19.2,27.1,15.4,19.2,10.8,60.6,0,0,0,,0,0,22.7,21.6,332.2,1015.5,44.9,3,139.2,12,7,,2015-10-28T06:28:29,2015-10-28T17:34:18,0.53,Partially cloudy,Partly cloudy throughout the day.,partly-cloudy-day,"42111099999,remote"
dehradun,2015-10-29,26.8,14.4,19.9,26.4,14.4,19.9,11.1,59,0,0,0,,0,0,26.6,12.6,285.6,1017.1,26.7,3.3,186,15.9,7,,2015-10-29T06:29:14,2015-10-29T17:33:24,0.56,Partially cloudy,Partly cloudy throughout the day.,partly-cloudy-day,"42111099999,remote"
dehradun,2015-10-30,26.4,13.5,19.7,26.4,13.5,19.7,10.4,58,0,0,0,,0,0,23,14,282,1017.8,7.1,2,190,16.5,7,,2015-10-30T06:29:59,2015-10-30T17:32:31,0.59,Clear,Clear conditions throughout the day.,clear-day,"42111099999,remote"
dehradun,2015-10-31,28.3,15.4,20.8,27.2,15.4,20.7,10.1,52.8,0,0,0,,0,0,22.7,14.4,300.4,1016.9,0.9,3.8,194.5,16.7,7,,2015-10-31T06:30:45,2015-10-31T17:31:40,0.62,Clear,Clear conditions throughout the day.,clear-day,"42111099999,remote"
dehradun,2015-11-01,28.7,15.7,21.1,28.5,15.7,21,10.8,54,0,0,0,,0,0,22,12.6,333.8,1017.1,2.2,2.5,183,15.8,7,,2015-11-01T06:31:31,2015-11-01T17:30:49,0.66,Clear,Clear conditions throughout the day.,clear-day,"42111099999,remote"
dehradun,2015-11-02,28.1,16.2,21,27.2,16.2,20.9,11.2,55.8,0,0,0,,0,0,23,10.8,319.5,1017.1,31.7,2.3,175.9,15.3,6,,2015-11-02T06:32:18,2015-11-02T17:30:00,0.69,Partially cloudy,Partly cloudy throughout the day.,partly-cloudy-day,"42111099999,remote"
dehradun,2015-11-03,27.4,15.1,20.5,26.8,15.1,20.4,10.6,55,0,0,0,,0,0,22,13.7,302.8,1015.6,12.1,2.5,159.3,13.8,6,,2015-11-03T06:33:04,2015-11-03T17:29:12,0.75,Clear,Clear conditions throughout the day.,clear-day,"42111099999,remote"
dehradun,2015-11-04,27.4,13.9,20.6,27,13.9,20.5,9.6,51.7,0,0,0,,0,0,20.9,10.4,324.5,1014.1,3.8,2.5,163.1,14.3,6,,2015-11-04T06:33:52,2015-11-04T17:28:25,0.75,Clear,Clear conditions throughout the day.,clear-day,"42111099999,remote"
dehradun,2015-11-05,27.8,16.1,20.9,27.1,16.1,20.8,11.1,55.6,0.6,100,4.17,rain,0,0,23.8,9.7,348.8,1013.5,23.8,3,176.1,15.2,7,,2015-11-05T06:34:39,2015-11-05T17:27:40,0.79,"Rain, Partially cloudy",Clearing in the afternoon with early morning rain.,rain,"42111099999,remote"
dehradun,2015-11-06,27.5,12.9,20.2,26.7,12.9,20.1,9.2,51.6,0,0,0,,0,0,21.6,7.9,296.4,1014,12.7,3.3,178.9,15.5,7,,2015-11-06T06:35:27,2015-11-06T17:26:56,0.82,Clear,Clear conditions throughout the day.,clear-day,"42111099999,remote"
dehradun,2015-11-07,27.4,13.4,20.1,26.7,13.4,20.1,8,47.6,0,0,0,,0,0,22.7,9,346.5,1015.3,43.4,3.7,146.2,12.7,5,,2015-11-07T06:36:15,2015-11-07T17:26:13,0.85,Partially cloudy,Partly cloudy throughout the day.,partly-cloudy-day,"42111099999,remote"
dehradun,2015-11-08,27.2,13.1,20,26.6,13.1,20,9.4,52.4,0,0,0,,0,0,23.8,11.9,331.3,1017.1,29.9,3,155.1,13.4,6,,2015-11-08T06:37:04,2015-11-08T17:25:32,0.89,Partially cloudy,Partly cloudy throughout the day.,partly-cloudy-day,"42111099999,remote"
dehradun,2015-11-09,27.7,13.2,20.6,26.9,13.2,20.5,9.8,52.2,0,0,0,,0,0,18.7,15.8,324.7,1016.2,19.9,2.4,157.4,13.6,6,,2015-11-09T06:37:53,2015-11-09T17:24:52,0.92,Clear,Clear conditions throughout the day.,clear-day,"42111099999,remote"
dehradun,2015-11-10,28.1,15.2,20.5,27.1,15.2,20.4,10.2,54.5,0,0,0,,0,0,26.3,15.8,320.9,1014.5,29.7,2.3,155,13.4,6,,2015-11-10T06:38:42,2015-11-10T17:24:13,0.95,Partially cloudy,Partly cloudy throughout the day.,partly-cloudy-day,"42111099999,remote"
dehradun,2015-11-11,27.9,12.7,19.7,26.9,12.7,19.6,9,53.4,0,0,0,,0,0,27.4,21.6,292.4,1014.5,0.4,2.6,184.8,15.9,7,,2015-11-11T06:39:32,2015-11-11T17:23:36,0,Clear,Clear conditions throughout the day.,clear-day,"42111099999,remote"
dehradun,2015-11-12,27.5,13.1,19.4,26.9,13.1,19.4,9.1,53.8,0,0,0,,0,0,21.6,17.3,278.8,1015.1,25.4,2.9,185.5,16,7,,2015-11-12T06:40:21,2015-11-12T17:23:01,0.02,Partially cloudy,Partly cloudy throughout the day.,partly-cloudy-day,"42111099999,remote"
dehradun,2015-11-13,28.8,13.9,20.5,27.7,13.9,20.3,10.6,55.9,0,0,0,,0,0,25.6,19.4,281.2,1014.7,21.6,2.3,174.3,14.7,6,,2015-11-13T06:41:11,2015-11-13T17:22:27,0.05,Partially cloudy,Partly cloudy throughout the day.,partly-cloudy-day,"42111099999,remote"
dehradun,2015-11-14,28.8,14.9,20.8,27.9,14.9,20.6,11.3,57.4,0,0,0,,0,0,25.2,20.9,291.8,1012.7,0.9,2,167.8,14.3,6,,2015-11-14T06:42:01,2015-11-14T17:21:54,0.09,Clear,Clear conditions throughout the day.,clear-day,"42111099999,remote"
dehradun,2015-11-15,28.5,16.1,20.3,27.1,16.1,20.1,8.6,50.8,0,0,0,,0,0,25.6,14.8,297.7,1012.3,0.8,2,180.2,15.5,7,,2015-11-15T06:42:51,2015-11-15T17:21:23,0.12,Clear,Clear conditions throughout the day.,clear-day,"42111099999,remote"
dehradun,2015-11-16,27.2,15.4,19.7,26.5,15.4,19.6,8.5,50.9,0,0,0,,0,0,28.1,16.2,293.9,1012.9,3,2.9,170.4,14.8,6,,2015-11-16T06:43:42,2015-11-16T17:20:54,0.16,Clear,Clear conditions throughout the day.,clear-day,"42111099999,remote"
dehradun,2015-11-17,26.9,14.2,18.9,26.5,14.2,18.8,6.4,47.4,0,0,0,,0,0,27.4,19.1,285.2,1013.1,0.4,3.8,183.7,15.8,7,,2015-11-17T06:44:32,2015-11-17T17:20:26,0.19,Clear,Clear conditions throughout the day.,clear-day,"42111099999,remote"
dehradun,2015-11-18,25.9,12.1,18.3,25.9,12.1,18.3,5.6,46.4,0,0,0,,0,0,22,15.5,232.9,1015.8,3.8,3.5,181,15.7,7,,2015-11-18T06:45:23,2015-11-18T17:20:00,0.23,Clear,Clear conditions throughout the day.,clear-day,"42111099999,remote"
dehradun,2015-11-19,26.6,13.1,18.6,26.6,13.1,18.6,6,47.6,0,0,0,,0,0,21.2,13.3,110.9,1018.3,11.7,3.5,171.3,14.8,7,,2015-11-19T06:46:14,2015-11-19T17:19:35,0.25,Clear,Clear conditions throughout the day.,clear-day,"42111099999,remote"
dehradun,2015-11-20,27.2,12.1,19,26.7,12.1,19,6.8,48.7,0,0,0,,0,0,20.5,11.9,308.3,1017,4.4,3.3,166,14.3,6,,2015-11-20T06:47:04,2015-11-20T17:19:12,0.3,Clear,Clear conditions throughout the day.,clear-day,"42111099999,remote"
dehradun,2015-11-21,27.1,12.4,19.4,27.1,12.4,19.3,7.7,49.8,0,0,0,,0,0,20.5,11.2,116.3,1015.6,6.5,3.4,168.7,14.5,7,,2015-11-21T06:47:55,2015-11-21T17:18:51,0.34,Clear,Clear conditions throughout the day.,clear-day,"42111099999,remote"
dehradun,2015-11-22,26.8,13.1,19.4,26.6,13.1,19.4,8,51.2,0,0,0,,0,0,18.4,13.3,290.9,1015.2,30.3,2.5,159.1,13.5,6,,2015-11-22T06:48:46,2015-11-22T17:18:31,0.37,Partially cloudy,Becoming cloudy in the afternoon.,partly-cloudy-day,"42111099999,remote"
dehradun,2015-11-23,26.2,14.4,18.9,26.2,14.4,18.9,7,49.3,0,0,0,,0,0,21.2,11.5,314.7,1016,43.5,2,143.5,12.4,6,,2015-11-23T06:49:36,2015-11-23T17:18:13,0.41,Partially cloudy,Becoming cloudy in the afternoon.,partly-cloudy-day,"42111099999,remote"
dehradun,2015-11-24,26.6,13.2,19.1,26.6,13.2,19.1,6.6,48.4,0,0,0,,0,0,24.1,14.8,298.6,1016,39.5,2.8,167.9,14.5,6,,2015-11-24T06:50:27,2015-11-24T17:17:57,0.44,Partially cloudy,Becoming cloudy in the afternoon.,partly-cloudy-day,"42111099999,remote"
dehradun,2015-11-25,27.8,11.2,18.5,26.5,11.2,18.3,5.8,48.1,0,0,0,,0,0,24.8,19.1,293.2,1014.3,63.5,3.8,167.9,14.5,7,,2015-11-25T06:51:17,2015-11-25T17:17:43,0.48,Partially cloudy,Partly cloudy throughout the day.,partly-cloudy-day,"42111099999,remote"
dehradun,2015-11-26,26.4,12.2,18.9,26.4,12.2,18.9,7.6,51.4,0.3,100,8.33,rain,0,0,22.3,11.9,297.8,1013.7,81.8,3.5,142.2,12.5,6,,2015-11-26T06:52:07,2015-11-26T17:17:30,0.5,"Rain, Partially cloudy",Partly cloudy throughout the day with late afternoon rain.,rain,"42111099999,remote"
dehradun,2015-11-27,23.9,14.4,17.8,23.9,14.4,17.8,12.3,72.3,0.9,100,8.33,rain,0,0,23.4,11.9,97,1012.5,53.5,2.5,117.4,10.1,5,,2015-11-27T06:52:57,2015-11-27T17:17:18,0.54,"Rain, Partially cloudy",Partly cloudy throughout the day with rain clearing later.,rain,"42111099999,remote"
dehradun,2015-11-28,25.7,13.2,18.4,25.7,13.2,18.4,11,64.8,0.3,100,12.5,rain,0,0,16.6,20.5,111.5,1016.2,26.2,3,122.6,10.4,5,,2015-11-28T06:53:47,2015-11-28T17:17:09,0.57,"Rain, Partially cloudy",Partly cloudy throughout the day with rain clearing later.,rain,"42111099999,remote"
dehradun,2015-11-29,25.6,12.7,18.3,25.6,12.7,18.3,9.8,60,0,0,0,,0,0,23.8,13,107.5,1018.9,5.6,2.3,132.8,11.4,5,,2015-11-29T06:54:36,2015-11-29T17:17:01,0.61,Clear,Clear conditions throughout the day.,clear-day,"42111099999,remote"
dehradun,2015-11-30,27.2,13.9,19,26.6,13.9,19,10.2,59.1,0,0,0,,0,0,21.2,13.3,14.7,1018.1,2.7,2.8,145.9,12.6,6,,2015-11-30T06:55:25,2015-11-30T17:16:55,0.64,Clear,Clear conditions throughout the day.,clear-day,"42111099999,remote"
dehradun,2015-12-01,27.8,11.7,18.8,26.8,11.7,18.7,7.9,53.1,0,0,0,,0,0,22,16.9,322.6,1015.5,0,4,164.4,14.3,6,,2015-12-01T06:56:14,2015-12-01T17:16:51,0.67,Clear,Clear conditions throughout the day.,clear-day,"42111099999,remote"
dehradun,2015-12-02,24.8,11.4,17.6,24.8,11.4,17.6,7.1,52.4,0,0,0,,0,0,25.6,15.1,303.8,1015.8,2.1,3.5,141.5,12.2,6,,2015-12-02T06:57:02,2015-12-02T17:16:48,0.7,Clear,Clear conditions throughout the day.,clear-day,"42111099999,remote"
dehradun,2015-12-03,24.5,10.4,16.9,24.5,10.4,16.9,7.4,56.7,0,0,0,,0,0,23,18.7,275.3,1016.3,0,2,152.9,13.2,6,,2015-12-03T06:57:50,2015-12-03T17:16:48,0.75,Clear,Clear conditions throughout the day.,clear-day,"42111099999,remote"
dehradun,2015-12-04,23.6,10.2,16,23.6,10.2,16,6.5,56.9,0,0,0,,0,0,20.2,12.6,179.3,1014.7,27.7,2,144.7,12.5,6,,2015-12-04T06:58:37,2015-12-04T17:16:48,0.77,Partially cloudy,Clearing in the afternoon.,partly-cloudy-day,"42111099999,remote"
dehradun,2015-12-05,23.6,11.1,16.3,23.6,11.1,16.3,5.8,53.4,0,0,0,,0,0,21.6,12.2,155.8,1016.7,5.7,2,148.8,13,6,,2015-12-05T06:59:24,2015-12-05T17:16:51,0.8,Clear,Clear conditions throughout the day.,clear-day,"42111099999,remote"
dehradun,2015-12-06,23.3,9.9,16.1,23.3,8.5,16.1,5.6,53.5,0,0,0,,0,0,24.8,13.7,143.1,1017,33.3,2.3,137.8,11.8,5,,2015-12-06T07:00:10,2015-12-06T17:16:55,0.83,Partially cloudy,Partly cloudy throughout the day.,partly-cloudy-day,"42111099999,remote"
dehradun,2015-12-07,22.9,11.5,16.1,22.9,11.5,16.1,5.5,53.5,0,0,0,,0,0,20.9,10.8,110.6,1018.1,70.6,2,126.9,11,5,,2015-12-07T07:00:55,2015-12-07T17:17:01,0.87,Partially cloudy,Partly cloudy throughout the day.,partly-cloudy-day,"42114099999,42111099999,remote"
dehradun,2015-12-08,23.3,11.1,16.3,23.3,11.1,16.3,5.5,53.3,0,0,0,,0,0,20.2,11.5,47.1,1016.5,63.8,2,126.2,10.9,5,,2015-12-08T07:01:40,2015-12-08T17:17:09,0.9,Partially cloudy,Partly cloudy throughout the day.,partly-cloudy-day,"42114099999,42111099999,remote"
dehradun,2015-12-09,23,10.7,15.3,23,10.7,15.3,4.8,53.3,0,0,0,,0,0,19.8,10.1,116.7,1016.8,67.6,1.9,112.8,9.8,5,,2015-12-09T07:02:24,2015-12-09T17:17:18,0.93,Partially cloudy,Partly cloudy throughout the day.,partly-cloudy-day,"42114099999,42111099999,remote"
dehradun,2015-12-10,25.6,10.1,16.9,25.6,10.1,16.9,5.9,51.9,0.1,100,4.17,rain,0,0,18.7,11.5,102.7,1014.3,41.5,3.5,127,11.1,5,,2015-12-10T07:03:07,2015-12-10T17:17:29,0.96,"Rain, Partially cloudy",Partly cloudy throughout the day with late afternoon rain.,rain,"42114099999,42111099999,remote"
dehradun,2015-12-11,19.9,13.2,15.4,19.9,13.2,15.4,8.3,65.2,6,100,8.33,rain,0,0,35.3,15.5,119.7,1011.7,52.1,2.3,79.5,7,3,,2015-12-11T07:03:50,2015-12-11T17:17:42,0,"Rain, Partially cloudy",Partly cloudy throughout the day with rain in the morning and afternoon.,rain,"42114099999,42111099999,remote"
dehradun,2015-12-12,20.8,10.4,14.9,20.8,10.4,14.9,8.7,68.4,0.2,100,8.33,rain,0,0,20.9,10.1,289.6,1013,13.6,1.8,122.4,10.5,5,,2015-12-12T07:04:31,2015-12-12T17:17:56,0.03,Rain,Clear conditions throughout the day with early morning rain.,rain,"42114099999,42111099999,remote"
dehradun,2015-12-13,20.3,10.5,14,20.3,10.5,14,7,66.3,0,0,0,,0,0,22.3,10.8,280.2,1014.7,10.3,1,139.1,11.8,5,,2015-12-13T07:05:12,2015-12-13T17:18:12,0.07,Clear,Clear conditions throughout the day.,clear-day,"42114099999,42111099999,remote"
dehradun,2015-12-14,20.5,8.6,13.4,20.5,8.6,13.4,3.9,57.1,0,0,0,,0,0,24.1,16.2,294.1,1016.5,8.4,1.7,143.7,12.2,6,,2015-12-14T07:05:52,2015-12-14T17:18:30,0.1,Clear,Clear conditions throughout the day.,clear-day,"42114099999,42111099999,remote"
dehradun,2015-12-15,20.4,7.1,12.6,20.4,7.1,12.6,2.7,55.1,0,0,0,,0,0,22.7,15.1,259.8,1015.1,0.8,2.5,151.5,13.1,6,,2015-12-15T07:06:30,2015-12-15T17:18:49,0.14,Clear,Clear conditions throughout the day.,clear-day,"42114099999,42111099999,remote"
dehradun,2015-12-16,21.3,7.4,13.5,21.3,7.4,13.4,1.7,49.7,0,0,0,,0,0,22,10.4,139.8,1015.9,3.5,2.7,153.6,13.2,6,,2015-12-16T07:07:08,2015-12-16T17:19:10,0.17,Clear,Clear conditions throughout the day.,clear-day,"42114099999,42111099999,remote"
dehradun,2015-12-17,19.3,8.2,12.4,19.3,7.8,12.2,1.3,50.9,0,0,0,,0,0,22.3,10.4,113.2,1017,21,2.3,111.6,9.7,4,,2015-12-17T07:07:44,2015-12-17T17:19:32,0.21,Partially cloudy,Partly cloudy throughout the day.,partly-cloudy-day,"42114099999,42111099999,remote"
dehradun,2015-12-18,20.3,5.8,12.1,20.3,5.8,11.9,0.3,49.1,0,0,0,,0,0,22.7,18.7,289.9,1017.7,0,3.8,151.2,13.2,6,,2015-12-18T07:08:20,2015-12-18T17:19:55,0.25,Clear,Clear conditions throughout the day.,clear-day,"42114099999,42111099999,remote"
dehradun,2015-12-19,20.2,5.9,12.4,20.2,5.7,12.2,0,47,0,0,0,,0,0,19.1,15.1,150.8,1018,1.3,4,162.7,14,6,,2015-12-19T07:08:54,2015-12-19T17:20:21,0.28,Clear,Clear conditions throughout the day.,clear-day,"42114099999,42111099999,remote"
dehradun,2015-12-20,20.4,7,12.1,20.4,4.8,11.7,0.5,49.2,0,0,0,,0,0,20.5,11.5,66.1,1018.8,7.1,2.5,144.6,12.5,6,,2015-12-20T07:09:27,2015-12-20T17:20:47,0.31,Clear,Clear conditions throughout the day.,clear-day,"42114099999,42111099999,remote"
dehradun,2015-12-21,19.5,6,11.5,19.5,3.8,11,0.8,51.9,0,0,0,,0,0,24.1,11.5,117.8,1018.4,2.9,2.3,143.2,12.3,6,,2015-12-21T07:09:59,2015-12-21T17:21:15,0.35,Clear,Clear conditions throughout the day.,clear-day,"42114099999,42111099999,remote"
dehradun,2015-12-22,19.9,7.4,12.1,19.9,6.3,11.7,1.1,50.8,0,0,0,,0,0,19.4,13.7,75.7,1020.9,50.1,2,130.1,11.3,5,,2015-12-22T07:10:30,2015-12-22T17:21:45,0.39,Partially cloudy,Partly cloudy throughout the day.,partly-cloudy-day,"42114099999,42111099999,remote"
dehradun,2015-12-23,18.8,6.4,11.3,18.8,5.5,10.9,0.4,50.7,0,0,0,,0,0,22.3,14,308,1020.2,11.8,3,139.1,12,6,,2015-12-23T07:10:59,2015-12-23T17:22:16,0.42,Clear,Clear conditions throughout the day.,clear-day,"42114099999,42111099999,remote"
dehradun,2015-12-24,18.6,5,10.5,18.6,4.1,9.9,-0.4,50.2,0,0,0,,0,0,25.9,22.3,289.7,1020,6.2,2.3,143.6,12.4,6,,2015-12-24T07:11:27,2015-12-24T17:22:48,0.46,Clear,Clear conditions throughout the day.,clear-day,"42114099999,42111099999,remote"
dehradun,2015-12-25,18.8,4.3,10.7,18.8,3.2,10.3,-1.2,48.4,0,0,0,,0,0,22,17.6,216.5,1021.2,2.6,3,159.8,14,6,,2015-12-25T07:11:53,2015-12-25T17:23:21,0.5,Clear,Clear conditions throughout the day.,clear-day,"42114099999,42111099999,remote"
dehradun,2015-12-26,22.7,5.4,12.6,22.7,5.4,12.6,-0.9,44.7,0,0,0,,0,0,19.4,22.7,238.9,1019.5,12.3,3,158.7,13.9,6,,2015-12-26T07:12:19,2015-12-26T17:23:56,0.53,Clear,Clear conditions throughout the day.,clear-day,"42114099999,42111099999,remote"
dehradun,2015-12-27,23.8,7.7,14.5,23.8,7.7,14.5,1.2,45.1,0,0,0,,0,0,21.2,21.2,250.9,1019.6,33.1,2.9,147.1,12.6,6,,2015-12-27T07:12:42,2015-12-27T17:24:32,0.56,Partially cloudy,Becoming cloudy in the afternoon.,partly-cloudy-day,"42114099999,42111099999,remote"
dehradun,2015-12-28,24.3,9.7,15.8,24.3,9.7,15.8,5.4,53.8,0,0,0,,0,0,19.8,19.1,275.4,1019.6,55.3,2.5,140.2,12.4,6,,2015-12-28T07:13:05,2015-12-28T17:25:09,0.59,Partially cloudy,Partly cloudy throughout the day.,partly-cloudy-day,"42114099999,42111099999,remote"
dehradun,2015-12-29,24.5,8.1,15.3,24.5,8.1,15.3,5,54.4,0,0,0,,0,0,20.9,19.1,273.4,1017.5,18.1,3.3,153.8,13.4,6,,2015-12-29T07:13:25,2015-12-29T17:25:47,0.62,Clear,Clear conditions throughout the day.,clear-day,"42114099999,42111099999,remote"
dehradun,2015-12-30,23.6,8.9,15.2,23.6,8.9,15.2,3.7,50.7,0,0,0,,0,0,18.4,10.4,323.7,1017.4,5.9,2,159.9,13.7,6,,2015-12-30T07:13:45,2015-12-30T17:26:27,0.65,Clear,Clear conditions throughout the day.,clear-day,"42114099999,42111099999,remote"
dehradun,2015-12-31,23.7,7.8,14.7,23.7,7.6,14.6,1.1,44.9,0,0,0,,0,0,20.5,13.3,45,1020.1,6.7,2.5,160.8,13.8,6,,2015-12-31T07:14:03,2015-12-31T17:27:07,0.69,Clear,Clear conditions throughout the day.,clear-day,"42114099999,42111099999,remote"
